Pueblo y grupos de edad;Total - Total;Total - Sexo - Varon ;Total - Sexo - Mujer;Area Urbana  - Total;Area Urbana  - Sexo - Varon ;Area Urbana  - Sexo - Mujer;Area Rural - Total;Area Rural - Sexo - Varon ;Area Rural - Sexo - Mujer
    Total pais ;137.547;70.110;67.437;16.776;8.513;8.263;120.771;61.597;59.174
         De 0 a 4 anos;18.655;9.515;9.140;1.890;933;957;16.765;8.582;8.183
         De 5 a 9 anos;18.083;9.277;8.806;1.924;1.021;903;16.159;8.256;7.903
         De 10 a 14 anos;16.185;8.381;7.804;1.856;971;885;14.329;7.410;6.919
         De 15 a 19 anos;14.874;7.471;7.403;1.805;925;880;13.069;6.546;6.523
         De 20 a 24 anos;13.391;6.667;6.724;1.670;844;826;11.721;5.823;5.898
         De 25 a 29 anos;11.757;5.904;5.853;1.462;746;716;10.295;5.158;5.137
         De 30 a 34 anos;9.400;4.729;4.671;1.305;640;665;8.095;4.089;4.006
         De 35 a 39 anos;7.643;3.872;3.771;1.035;522;513;6.608;3.350;3.258
         De 40 a 44 anos;6.561;3.327;3.234;994;484;510;5.567;2.843;2.724
         De 45 a 49 anos;5.188;2.715;2.473;730;390;340;4.458;2.325;2.133
         De 50 a 54 anos;4.129;2.195;1.934;603;310;293;3.526;1.885;1.641
         De 55 a 59 anos;3.677;1.886;1.791;524;259;265;3.153;1.627;1.526
         De 60 a 64 anos;2.906;1.561;1.345;390;195;195;2.516;1.366;1.150
         De 65 a 69 anos;2.145;1.117;1.028;291;141;150;1.854;976;878
         De 70 a 74 anos;1.281;656;625;137;68;69;1.144;588;556
         De 75 a 79 anos;909;469;440;78;33;45;831;436;395
         De 80 a 84 anos;466;222;244;50;20;30;416;202;214
         De 85 a 89 anos;197;97;100;27;11;16;170;86;84
         De 90 anos y mas;100;49;51;5; - ;5;95;49;46
    Ache;2.604;1.329;1.275;53;29;24;2.551;1.300;1.251
         De 0 a 4 anos;439;200;239;4;3;1;435;197;238
         De 5 a 9 anos;395;196;199;9;5;4;386;191;195
         De 10 a 14 anos;358;186;172;6;3;3;352;183;169
         De 15 a 19 anos;288;165;123;9;6;3;279;159;120
         De 20 a 24 anos;221;102;119;6;3;3;215;99;116
         De 25 a 29 anos;192;101;91;5;3;2;187;98;89
         De 30 a 34 anos;150;67;83;3;3; - ;147;64;83
         De 35 a 39 anos;121;60;61;2;1;1;119;59;60
         De 40 a 44 anos;117;62;55;4;2;2;113;60;53
         De 45 a 49 anos;62;34;28;2; - ;2;60;34;26
         De 50 a 54 anos;47;29;18; - ; - ; - ;47;29;18
         De 55 a 59 anos;58;37;21;2; - ;2;56;37;19
         De 60 a 64 anos;53;27;26;1; - ;1;52;27;25
         De 65 a 69 anos;36;15;21; - ; - ; - ;36;15;21
         De 70 a 74 anos;23;17;6; - ; - ; - ;23;17;6
         De 75 a 79 anos;24;15;9; - ; - ; - ;24;15;9
         De 80 a 84 anos;12;8;4; - ; - ; - ;12;8;4
         De 85 a 89 anos;4;4; - ; - ; - ; - ;4;4; - 
         De 90 anos y mas;4;4; - ; - ; - ; - ;4;4; - 
    Ava Guarani;22.705;11.539;11.166;603;327;276;22.102;11.212;10.890
         De 0 a 4 anos;3.455;1.782;1.673;81;39;42;3.374;1.743;1.631
         De 5 a 9 anos;3.288;1.657;1.631;71;32;39;3.217;1.625;1.592
         De 10 a 14 anos;2.836;1.440;1.396;62;31;31;2.774;1.409;1.365
         De 15 a 19 anos;2.801;1.352;1.449;82;45;37;2.719;1.307;1.412
         De 20 a 24 anos;2.284;1.152;1.132;86;51;35;2.198;1.101;1.097
         De 25 a 29 anos;1.873;927;946;52;33;19;1.821;894;927
         De 30 a 34 anos;1.418;755;663;50;32;18;1.368;723;645
         De 35 a 39 anos;1.236;613;623;36;23;13;1.200;590;610
         De 40 a 44 anos;930;482;448;29;9;20;901;473;428
         De 45 a 49 anos;707;371;336;12;8;4;695;363;332
         De 50 a 54 anos;496;268;228;19;9;10;477;259;218
         De 55 a 59 anos;430;240;190;10;6;4;420;234;186
         De 60 a 64 anos;326;178;148;5;4;1;321;174;147
         De 65 a 69 anos;264;140;124;4;2;2;260;138;122
         De 70 a 74 anos;145;73;72; - ; - ; - ;145;73;72
         De 75 a 79 anos;122;58;64;3;2;1;119;56;63
         De 80 a 84 anos;56;29;27; - ; - ; - ;56;29;27
         De 85 a 89 anos;22;12;10;1;1; - ;21;11;10
         De 90 anos y mas;16;10;6; - ; - ; - ;16;10;6
    Mbya Guarani;28.278;14.445;13.833;865;450;415;27.413;13.995;13.418
         De 0 a 4 anos;5.360;2.770;2.590;185;88;97;5.175;2.682;2.493
         De 5 a 9 anos;4.920;2.541;2.379;118;74;44;4.802;2.467;2.335
         De 10 a 14 anos;3.956;2.113;1.843;118;64;54;3.838;2.049;1.789
         De 15 a 19 anos;3.086;1.504;1.582;101;48;53;2.985;1.456;1.529
         De 20 a 24 anos;2.549;1.242;1.307;81;37;44;2.468;1.205;1.263
         De 25 a 29 anos;2.085;1.026;1.059;77;36;41;2.008;990;1.018
         De 30 a 34 anos;1.532;784;748;42;22;20;1.490;762;728
         De 35 a 39 anos;1.137;573;564;30;15;15;1.107;558;549
         De 40 a 44 anos;987;503;484;40;23;17;947;480;467
         De 45 a 49 anos;657;323;334;25;14;11;632;309;323
         De 50 a 54 anos;524;286;238;25;17;8;499;269;230
         De 55 a 59 anos;425;225;200;8;6;2;417;219;198
         De 60 a 64 anos;339;185;154;11;5;6;328;180;148
         De 65 a 69 anos;270;137;133;1;1; - ;269;136;133
         De 70 a 74 anos;198;111;87;1; - ;1;197;111;86
         De 75 a 79 anos;143;75;68;2; - ;2;141;75;66
         De 80 a 84 anos;60;24;36; - ; - ; - ;60;24;36
         De 85 a 89 anos;28;13;15; - ; - ; - ;28;13;15
         De 90 anos y mas;22;10;12; - ; - ; - ;22;10;12
    Pai Tavytera;15.705;7.828;7.877;53;25;28;15.652;7.803;7.849
         De 0 a 4 anos;2.317;1.124;1.193;12;4;8;2.305;1.120;1.185
         De 5 a 9 anos;2.130;1.072;1.058;8;4;4;2.122;1.068;1.054
         De 10 a 14 anos;1.889;957;932;6;4;2;1.883;953;930
         De 15 a 19 anos;1.820;917;903;4;2;2;1.816;915;901
         De 20 a 24 anos;1.727;873;854;7;3;4;1.720;870;850
         De 25 a 29 anos;1.433;745;688;6;3;3;1.427;742;685
         De 30 a 34 anos;1.000;477;523;2;1;1;998;476;522
         De 35 a 39 anos;816;391;425;2; - ;2;814;391;423
         De 40 a 44 anos;661;327;334;1;1; - ;660;326;334
         De 45 a 49 anos;495;231;264;2;1;1;493;230;263
         De 50 a 54 anos;358;177;181; - ; - ; - ;358;177;181
         De 55 a 59 anos;287;145;142;2;1;1;285;144;141
         De 60 a 64 anos;234;109;125;1;1; - ;233;108;125
         De 65 a 69 anos;201;121;80; - ; - ; - ;201;121;80
         De 70 a 74 anos;109;49;60; - ; - ; - ;109;49;60
         De 75 a 79 anos;138;76;62; - ; - ; - ;138;76;62
         De 80 a 84 anos;46;19;27; - ; - ; - ;46;19;27
         De 85 a 89 anos;32;14;18; - ; - ; - ;32;14;18
         De 90 anos y mas;12;4;8; - ; - ; - ;12;4;8
    Guarani Occidental/Pueblo Guarani;4.090;2.055;2.035;2.692;1.334;1.358;1.398;721;677
         De 0 a 4 anos;447;230;217;292;139;153;155;91;64
         De 5 a 9 anos;475;258;217;314;167;147;161;91;70
         De 10 a 14 anos;453;237;216;286;150;136;167;87;80
         De 15 a 19 anos;429;218;211;285;148;137;144;70;74
         De 20 a 24 anos;353;180;173;218;116;102;135;64;71
         De 25 a 29 anos;355;180;175;240;119;121;115;61;54
         De 30 a 34 anos;300;134;166;211;96;115;89;38;51
         De 35 a 39 anos;268;127;141;200;97;103;68;30;38
         De 40 a 44 anos;227;110;117;158;74;84;69;36;33
         De 45 a 49 anos;176;85;91;105;49;56;71;36;35
         De 50 a 54 anos;154;82;72;106;50;56;48;32;16
         De 55 a 59 anos;144;77;67;88;51;37;56;26;30
         De 60 a 64 anos;101;45;56;61;28;33;40;17;23
         De 65 a 69 anos;81;33;48;56;21;35;25;12;13
         De 70 a 74 anos;51;22;29;29;10;19;22;12;10
         De 75 a 79 anos;41;20;21;23;9;14;18;11;7
         De 80 a 84 anos;23;12;11;12;6;6;11;6;5
         De 85 a 89 anos;9;5;4;6;4;2;3;1;2
         De 90 anos y mas;3; - ;3;2; - ;2;1; - ;1
    Guarani Nandeva;3.124;1.584;1.540;404;202;202;2.720;1.382;1.338
         De 0 a 4 anos;332;180;152;47;22;25;285;158;127
         De 5 a 9 anos;314;171;143;43;21;22;271;150;121
         De 10 a 14 anos;349;174;175;61;29;32;288;145;143
         De 15 a 19 anos;327;162;165;41;23;18;286;139;147
         De 20 a 24 anos;363;174;189;50;20;30;313;154;159
         De 25 a 29 anos;265;112;153;34;23;11;231;89;142
         De 30 a 34 anos;235;118;117;29;12;17;206;106;100
         De 35 a 39 anos;225;128;97;21;15;6;204;113;91
         De 40 a 44 anos;188;90;98;20;5;15;168;85;83
         De 45 a 49 anos;139;76;63;12;8;4;127;68;59
         De 50 a 54 anos;94;49;45;12;5;7;82;44;38
         De 55 a 59 anos;93;46;47;11;7;4;82;39;43
         De 60 a 64 anos;63;31;32;10;4;6;53;27;26
         De 65 a 69 anos;63;35;28;8;5;3;55;30;25
         De 70 a 74 anos;42;21;21;3;2;1;39;19;20
         De 75 a 79 anos;15;7;8; - ; - ; - ;15;7;8
         De 80 a 84 anos;10;5;5;2;1;1;8;4;4
         De 85 a 89 anos;4;2;2; - ; - ; - ;4;2;2
         De 90 anos y mas;3;3; - ; - ; - ; - ;3;3; - 
    Enlhet Norte;9.874;5.108;4.766;2.799;1.445;1.354;7.075;3.663;3.412
         De 0 a 4 anos;670;354;316;188;98;90;482;256;226
         De 5 a 9 anos;752;401;351;233;121;112;519;280;239
         De 10 a 14 anos;836;420;416;247;127;120;589;293;296
         De 15 a 19 anos;841;428;413;279;145;134;562;283;279
         De 20 a 24 anos;740;366;374;227;115;112;513;251;262
         De 25 a 29 anos;891;448;443;241;115;126;650;333;317
         De 30 a 34 anos;961;471;490;263;130;133;698;341;357
         De 35 a 39 anos;795;424;371;218;116;102;577;308;269
         De 40 a 44 anos;601;294;307;182;86;96;419;208;211
         De 45 a 49 anos;571;324;247;160;93;67;411;231;180
         De 50 a 54 anos;593;312;281;156;78;78;437;234;203
         De 55 a 59 anos;589;303;286;152;81;71;437;222;215
         De 60 a 64 anos;456;251;205;108;62;46;348;189;159
         De 65 a 69 anos;304;169;135;85;46;39;219;123;96
         De 70 a 74 anos;124;68;56;33;20;13;91;48;43
         De 75 a 79 anos;71;41;30;13;9;4;58;32;26
         De 80 a 84 anos;61;28;33;9;2;7;52;26;26
         De 85 a 89 anos;14;5;9;5;1;4;9;4;5
         De 90 anos y mas;4;1;3; - ; - ; - ;4;1;3
    Enxet Sur;8.189;4.193;3.996;160;79;81;8.029;4.114;3.915
         De 0 a 4 anos;887;466;421;17;6;11;870;460;410
         De 5 a 9 anos;858;423;435;18;10;8;840;413;427
         De 10 a 14 anos;738;372;366;21;9;12;717;363;354
         De 15 a 19 anos;790;411;379;16;7;9;774;404;370
         De 20 a 24 anos;906;446;460;19;8;11;887;438;449
         De 25 a 29 anos;771;388;383;18;11;7;753;377;376
         De 30 a 34 anos;649;332;317;10;6;4;639;326;313
         De 35 a 39 anos;454;247;207;11;5;6;443;242;201
         De 40 a 44 anos;431;229;202;4;3;1;427;226;201
         De 45 a 49 anos;382;203;179;9;5;4;373;198;175
         De 50 a 54 anos;354;186;168;6;4;2;348;182;166
         De 55 a 59 anos;301;142;159;4;1;3;297;141;156
         De 60 a 64 anos;223;130;93; - ; - ; - ;223;130;93
         De 65 a 69 anos;178;87;91;4;2;2;174;85;89
         De 70 a 74 anos;116;52;64;2;2; - ;114;50;64
         De 75 a 79 anos;86;47;39;1; - ;1;85;47;38
         De 80 a 84 anos;41;21;20; - ; - ; - ;41;21;20
         De 85 a 89 anos;20;9;11; - ; - ; - ;20;9;11
         De 90 anos y mas;4;2;2; - ; - ; - ;4;2;2
    Sanapana;3.523;1.824;1.699;255;133;122;3.268;1.691;1.577
         De 0 a 4 anos;386;203;183;35;21;14;351;182;169
         De 5 a 9 anos;382;204;178;34;19;15;348;185;163
         De 10 a 14 anos;358;187;171;26;11;15;332;176;156
         De 15 a 19 anos;354;171;183;34;18;16;320;153;167
         De 20 a 24 anos;355;179;176;28;17;11;327;162;165
         De 25 a 29 anos;331;177;154;17;7;10;314;170;144
         De 30 a 34 anos;257;128;129;21;12;9;236;116;120
         De 35 a 39 anos;187;102;85;12;6;6;175;96;79
         De 40 a 44 anos;193;99;94;18;9;9;175;90;85
         De 45 a 49 anos;190;106;84;9;5;4;181;101;80
         De 50 a 54 anos;129;67;62;2; - ;2;127;67;60
         De 55 a 59 anos;115;53;62;5;1;4;110;52;58
         De 60 a 64 anos;104;59;45;3;1;2;101;58;43
         De 65 a 69 anos;65;31;34;3;2;1;62;29;33
         De 70 a 74 anos;55;25;30;1; - ;1;54;25;29
         De 75 a 79 anos;34;18;16;6;3;3;28;15;13
         De 80 a 84 anos;18;10;8; - ; - ; - ;18;10;8
         De 85 a 89 anos;7;4;3;1;1; - ;6;3;3
         De 90 anos y mas;3;1;2; - ; - ; - ;3;1;2
    Angaite;7.239;3.629;3.610;305;144;161;6.934;3.485;3.449
         De 0 a 4 anos;912;462;450;25;17;8;887;445;442
         De 5 a 9 anos;872;468;404;21;10;11;851;458;393
         De 10 a 14 anos;884;461;423;29;12;17;855;449;406
         De 15 a 19 anos;785;397;388;39;20;19;746;377;369
         De 20 a 24 anos;767;378;389;39;23;16;728;355;373
         De 25 a 29 anos;653;331;322;23;8;15;630;323;307
         De 30 a 34 anos;490;218;272;24;12;12;466;206;260
         De 35 a 39 anos;401;197;204;16;7;9;385;190;195
         De 40 a 44 anos;374;167;207;30;11;19;344;156;188
         De 45 a 49 anos;273;142;131;16;12;4;257;130;127
         De 50 a 54 anos;202;101;101;10;2;8;192;99;93
         De 55 a 59 anos;187;90;97;11;4;7;176;86;90
         De 60 a 64 anos;152;83;69;10;4;6;142;79;63
         De 65 a 69 anos;129;62;67;4; - ;4;125;62;63
         De 70 a 74 anos;70;33;37;4;2;2;66;31;35
         De 75 a 79 anos;50;25;25;3; - ;3;47;25;22
         De 80 a 84 anos;20;7;13; - ; - ; - ;20;7;13
         De 85 a 89 anos;11;6;5;1; - ;1;10;6;4
         De 90 anos y mas;7;1;6; - ; - ; - ;7;1;6
    Guana;556;290;266;124;58;66;432;232;200
         De 0 a 4 anos;55;29;26;12;5;7;43;24;19
         De 5 a 9 anos;69;39;30;16;7;9;53;32;21
         De 10 a 14 anos;69;43;26;15;12;3;54;31;23
         De 15 a 19 anos;70;38;32;14;4;10;56;34;22
         De 20 a 24 anos;50;23;27;13;8;5;37;15;22
         De 25 a 29 anos;47;30;17;5;4;1;42;26;16
         De 30 a 34 anos;40;23;17;9;5;4;31;18;13
         De 35 a 39 anos;26;10;16;3;1;2;23;9;14
         De 40 a 44 anos;30;12;18;9;3;6;21;9;12
         De 45 a 49 anos;20;11;9;7;4;3;13;7;6
         De 50 a 54 anos;23;11;12;6;2;4;17;9;8
         De 55 a 59 anos;12;2;10;5; - ;5;7;2;5
         De 60 a 64 anos;18;13;5;3;2;1;15;11;4
         De 65 a 69 anos;12;2;10;5;1;4;7;1;6
         De 70 a 74 anos;6;2;4; - ; - ; - ;6;2;4
         De 75 a 79 anos;5;1;4;1; - ;1;4;1;3
         De 80 a 84 anos;3;1;2; - ; - ; - ;3;1;2
         De 85 a 89 anos; - ; - ; - ; - ; - ; - ; - ; - ; - 
         De 90 anos y mas;1; - ;1;1; - ;1; - ; - ; - 
    Toba Maskoy/Toba Enenlhet;2.371;1.241;1.130;195;90;105;2.176;1.151;1.025
         De 0 a 4 anos;142;76;66;13;7;6;129;69;60
         De 5 a 9 anos;218;114;104;12;5;7;206;109;97
         De 10 a 14 anos;279;152;127;26;12;14;253;140;113
         De 15 a 19 anos;234;126;108;21;9;12;213;117;96
         De 20 a 24 anos;205;106;99;19;8;11;186;98;88
         De 25 a 29 anos;225;107;118;16;8;8;209;99;110
         De 30 a 34 anos;180;98;82;12;6;6;168;92;76
         De 35 a 39 anos;153;78;75;14;3;11;139;75;64
         De 40 a 44 anos;149;72;77;17;7;10;132;65;67
         De 45 a 49 anos;118;61;57;9;6;3;109;55;54
         De 50 a 54 anos;119;62;57;8;4;4;111;58;53
         De 55 a 59 anos;113;59;54;10;7;3;103;52;51
         De 60 a 64 anos;86;49;37;1; - ;1;85;49;36
         De 65 a 69 anos;71;34;37;12;6;6;59;28;31
         De 70 a 74 anos;46;29;17;2;2; - ;44;27;17
         De 75 a 79 anos;19;11;8;2; - ;2;17;11;6
         De 80 a 84 anos;8;4;4;1; - ;1;7;4;3
         De 85 a 89 anos;5;2;3; - ; - ; - ;5;2;3
         De 90 anos y mas;1;1; - ; - ; - ; - ;1;1; - 
    Nivacle;18.280;9.180;9.100;5.575;2.764;2.811;12.705;6.416;6.289
         De 0 a 4 anos;2.111;1.046;1.065;678;331;347;1.433;715;718
         De 5 a 9 anos;2.218;1.120;1.098;716;361;355;1.502;759;743
         De 10 a 14 anos;2.104;1.061;1.043;648;343;305;1.456;718;738
         De 15 a 19 anos;1.960;1.001;959;606;309;297;1.354;692;662
         De 20 a 24 anos;1.709;861;848;579;292;287;1.130;569;561
         De 25 a 29 anos;1.591;785;806;468;231;237;1.123;554;569
         De 30 a 34 anos;1.322;648;674;426;195;231;896;453;443
         De 35 a 39 anos;1.052;508;544;307;146;161;745;362;383
         De 40 a 44 anos;990;502;488;319;158;161;671;344;327
         De 45 a 49 anos;857;443;414;249;125;124;608;318;290
         De 50 a 54 anos;648;338;310;164;82;82;484;256;228
         De 55 a 59 anos;595;305;290;137;68;69;458;237;221
         De 60 a 64 anos;477;242;235;112;48;64;365;194;171
         De 65 a 69 anos;288;152;136;72;36;36;216;116;100
         De 70 a 74 anos;180;90;90;48;21;27;132;69;63
         De 75 a 79 anos;82;32;50;18;7;11;64;25;39
         De 80 a 84 anos;59;27;32;16;7;9;43;20;23
         De 85 a 89 anos;25;13;12;10;4;6;15;9;6
         De 90 anos y mas;12;6;6;2; - ;2;10;6;4
    Maka;2.166;1.102;1.064;1.560;800;760;606;302;304
         De 0 a 4 anos;286;152;134;200;105;95;86;47;39
         De 5 a 9 anos;283;156;127;204;123;81;79;33;46
         De 10 a 14 anos;280;155;125;215;115;100;65;40;25
         De 15 a 19 anos;268;131;137;183;89;94;85;42;43
         De 20 a 24 anos;217;105;112;149;75;74;68;30;38
         De 25 a 29 anos;155;79;76;114;58;56;41;21;20
         De 30 a 34 anos;134;63;71;101;45;56;33;18;15
         De 35 a 39 anos;136;63;73;92;43;49;44;20;24
         De 40 a 44 anos;124;61;63;93;48;45;31;13;18
         De 45 a 49 anos;64;29;35;46;22;24;18;7;11
         De 50 a 54 anos;61;34;27;48;27;21;13;7;6
         De 55 a 59 anos;54;23;31;37;13;24;17;10;7
         De 60 a 64 anos;52;28;24;39;21;18;13;7;6
         De 65 a 69 anos;23;10;13;17;8;9;6;2;4
         De 70 a 74 anos;12;7;5;11;6;5;1;1; - 
         De 75 a 79 anos;5;2;3;3;1;2;2;1;1
         De 80 a 84 anos;8;2;6;6;1;5;2;1;1
         De 85 a 89 anos;2; - ;2;2; - ;2; - ; - ; - 
         De 90 anos y mas;2;2; - ; - ; - ; - ;2;2; - 
    Manjui;431;220;211;92;46;46;339;174;165
         De 0 a 4 anos;59;28;31;12;6;6;47;22;25
         De 5 a 9 anos;46;25;21;11;6;5;35;19;16
         De 10 a 14 anos;52;32;20;12;11;1;40;21;19
         De 15 a 19 anos;47;26;21;14;6;8;33;20;13
         De 20 a 24 anos;46;20;26;10;4;6;36;16;20
         De 25 a 29 anos;34;16;18;6;4;2;28;12;16
         De 30 a 34 anos;20;13;7;5;3;2;15;10;5
         De 35 a 39 anos;27;10;17;3; - ;3;24;10;14
         De 40 a 44 anos;25;14;11;5;1;4;20;13;7
         De 45 a 49 anos;28;11;17;9;3;6;19;8;11
         De 50 a 54 anos;17;11;6;3;2;1;14;9;5
         De 55 a 59 anos;6;2;4;1; - ;1;5;2;3
         De 60 a 64 anos;9;5;4;1; - ;1;8;5;3
         De 65 a 69 anos;10;4;6; - ; - ; - ;10;4;6
         De 70 a 74 anos;2;1;1; - ; - ; - ;2;1;1
         De 75 a 79 anos;3;2;1; - ; - ; - ;3;2;1
         De 80 a 84 anos; - ; - ; - ; - ; - ; - ; - ; - ; - 
         De 85 a 89 anos; - ; - ; - ; - ; - ; - ; - ; - ; - 
         De 90 anos y mas; - ; - ; - ; - ; - ; - ; - ; - ; - 
    Ayoreo;2.520;1.301;1.219;3;1;2;2.517;1.300;1.217
         De 0 a 4 anos;249;133;116; - ; - ; - ;249;133;116
         De 5 a 9 anos;210;111;99; - ; - ; - ;210;111;99
         De 10 a 14 anos;220;117;103; - ; - ; - ;220;117;103
         De 15 a 19 anos;257;140;117; - ; - ; - ;257;140;117
         De 20 a 24 anos;242;114;128; - ; - ; - ;242;114;128
         De 25 a 29 anos;254;110;144; - ; - ; - ;254;110;144
         De 30 a 34 anos;209;111;98;1; - ;1;208;111;97
         De 35 a 39 anos;194;91;103; - ; - ; - ;194;91;103
         De 40 a 44 anos;198;104;94; - ; - ; - ;198;104;94
         De 45 a 49 anos;170;99;71;1; - ;1;169;99;70
         De 50 a 54 anos;82;47;35;1;1; - ;81;46;35
         De 55 a 59 anos;58;29;29; - ; - ; - ;58;29;29
         De 60 a 64 anos;55;28;27; - ; - ; - ;55;28;27
         De 65 a 69 anos;47;24;23; - ; - ; - ;47;24;23
         De 70 a 74 anos;43;23;20; - ; - ; - ;43;23;20
         De 75 a 79 anos;20;11;9; - ; - ; - ;20;11;9
         De 80 a 84 anos;6;5;1; - ; - ; - ;6;5;1
         De 85 a 89 anos;4;3;1; - ; - ; - ;4;3;1
         De 90 anos y mas;2;1;1; - ; - ; - ;2;1;1
    Ybytoso;2.236;1.135;1.101;727;358;369;1.509;777;732
         De 0 a 4 anos;208;100;108;76;35;41;132;65;67
         De 5 a 9 anos;277;139;138;80;48;32;197;91;106
         De 10 a 14 anos;215;113;102;69;32;37;146;81;65
         De 15 a 19 anos;194;105;89;55;31;24;139;74;65
         De 20 a 24 anos;269;118;151;111;47;64;158;71;87
         De 25 a 29 anos;227;121;106;101;54;47;126;67;59
         De 30 a 34 anos;177;91;86;51;23;28;126;68;58
         De 35 a 39 anos;134;78;56;33;19;14;101;59;42
         De 40 a 44 anos;109;56;53;33;17;16;76;39;37
         De 45 a 49 anos;96;47;49;30;11;19;66;36;30
         De 50 a 54 anos;73;41;32;19;12;7;54;29;25
         De 55 a 59 anos;80;33;47;29;8;21;51;25;26
         De 60 a 64 anos;65;39;26;19;10;9;46;29;17
         De 65 a 69 anos;39;16;23;15;6;9;24;10;14
         De 70 a 74 anos;23;8;15;1;1; - ;22;7;15
         De 75 a 79 anos;28;16;12;2;2; - ;26;14;12
         De 80 a 84 anos;17;11;6;2;2; - ;15;9;6
         De 85 a 89 anos;4;2;2;1; - ;1;3;2;1
         De 90 anos y mas;1;1; - ; - ; - ; - ;1;1; - 
    Tomaraho;213;110;103;1;1; - ;212;109;103
         De 0 a 4 anos;38;20;18; - ; - ; - ;38;20;18
         De 5 a 9 anos;30;15;15; - ; - ; - ;30;15;15
         De 10 a 14 anos;17;9;8; - ; - ; - ;17;9;8
         De 15 a 19 anos;22;12;10; - ; - ; - ;22;12;10
         De 20 a 24 anos;26;14;12; - ; - ; - ;26;14;12
         De 25 a 29 anos;18;8;10;1;1; - ;17;7;10
         De 30 a 34 anos;16;8;8; - ; - ; - ;16;8;8
         De 35 a 39 anos;8;4;4; - ; - ; - ;8;4;4
         De 40 a 44 anos;8;4;4; - ; - ; - ;8;4;4
         De 45 a 49 anos;5;3;2; - ; - ; - ;5;3;2
         De 50 a 54 anos;7;3;4; - ; - ; - ;7;3;4
         De 55 a 59 anos;5;2;3; - ; - ; - ;5;2;3
         De 60 a 64 anos;7;3;4; - ; - ; - ;7;3;4
         De 65 a 69 anos;2;1;1; - ; - ; - ;2;1;1
         De 70 a 74 anos;1;1; - ; - ; - ; - ;1;1; - 
         De 75 a 79 anos;3;3; - ; - ; - ; - ;3;3; - 
         De 80 a 84 anos; - ; - ; - ; - ; - ; - ; - ; - ; - 
         De 85 a 89 anos; - ; - ; - ; - ; - ; - ; - ; - ; - 
         De 90 anos y mas; - ; - ; - ; - ; - ; - ; - ; - ; - 
    Qom;2.198;1.101;1.097;11;8;3;2.187;1.093;1.094
         De 0 a 4 anos;248;132;116;3;3; - ;245;129;116
         De 5 a 9 anos;280;131;149;1; - ;1;279;131;148
         De 10 a 14 anos;227;123;104;1;1; - ;226;122;104
         De 15 a 19 anos;229;122;107; - ; - ; - ;229;122;107
         De 20 a 24 anos;233;122;111; - ; - ; - ;233;122;111
         De 25 a 29 anos;197;91;106;2;1;1;195;90;105
         De 30 a 34 anos;179;82;97;2;1;1;177;81;96
         De 35 a 39 anos;122;60;62; - ; - ; - ;122;60;62
         De 40 a 44 anos;104;48;56; - ; - ; - ;104;48;56
         De 45 a 49 anos;91;41;50;1;1; - ;90;40;50
         De 50 a 54 anos;68;29;39; - ; - ; - ;68;29;39
         De 55 a 59 anos;72;39;33;1;1; - ;71;38;33
         De 60 a 64 anos;54;30;24; - ; - ; - ;54;30;24
         De 65 a 69 anos;41;24;17; - ; - ; - ;41;24;17
         De 70 a 74 anos;21;12;9; - ; - ; - ;21;12;9
         De 75 a 79 anos;17;7;10; - ; - ; - ;17;7;10
         De 80 a 84 anos;9;4;5; - ; - ; - ;9;4;5
         De 85 a 89 anos;4;3;1; - ; - ; - ;4;3;1
         De 90 anos y mas;2;1;1; - ; - ; - ;2;1;1
    No indigena;1.245;896;349;299;219;80;946;677;269
         De 0 a 4 anos;54;28;26;10;4;6;44;24;20
         De 5 a 9 anos;66;36;30;15;8;7;51;28;23
         De 10 a 14 anos;65;29;36;8;5;3;57;24;33
         De 15 a 19 anos;72;45;27;22;15;7;50;30;20
         De 20 a 24 anos;129;92;37;28;17;11;101;75;26
         De 25 a 29 anos;160;122;38;36;27;9;124;95;29
         De 30 a 34 anos;131;108;23;43;36;7;88;72;16
         De 35 a 39 anos;151;108;43;35;25;10;116;83;33
         De 40 a 44 anos;115;91;24;32;27;5;83;64;19
         De 45 a 49 anos;87;75;12;26;23;3;61;52;9
         De 50 a 54 anos;80;62;18;18;15;3;62;47;15
         De 55 a 59 anos;53;34;19;11;4;7;42;30;12
         De 60 a 64 anos;32;26;6;5;5; - ;27;21;6
         De 65 a 69 anos;21;20;1;5;5; - ;16;15;1
         De 70 a 74 anos;14;12;2;2;2; - ;12;10;2
         De 75 a 79 anos;3;2;1;1; - ;1;2;2; - 
         De 80 a 84 anos;9;5;4;2;1;1;7;4;3
         De 85 a 89 anos;2; - ;2; - ; - ; - ;2; - ;2
         De 90 anos y mas;1;1; - ; - ; - ; - ;1;1; - 
