provincia	pueblo	personas
Ciudad Autónoma de Buenos Aires	Guaraní	9465
Ciudad Autónoma de Buenos Aires	Quechua	8374
Ciudad Autónoma de Buenos Aires	Aymara	6449
Ciudad Autónoma de Buenos Aires	Diaguita	4154
Ciudad Autónoma de Buenos Aires	Mapuche	3632
Ciudad Autónoma de Buenos Aires	Kolla	2572
Ciudad Autónoma de Buenos Aires	Qom/Toba	1520
Ciudad Autónoma de Buenos Aires	Comechingón	1355
Ciudad Autónoma de Buenos Aires	Tehuelche	938
Ciudad Autónoma de Buenos Aires	Charrúa	878
Ciudad Autónoma de Buenos Aires	Ranquel	843
Ciudad Autónoma de Buenos Aires	Wichi	828
Ciudad Autónoma de Buenos Aires	Mapuche Tehuelche	797
Ciudad Autónoma de Buenos Aires	Huarpe	640
Ciudad Autónoma de Buenos Aires	Omaguaca	217
Ciudad Autónoma de Buenos Aires	Moqoit/Mocoví	189
Ciudad Autónoma de Buenos Aires	Günün A Küna	143
Ciudad Autónoma de Buenos Aires	Tonokoté	137
Ciudad Autónoma de Buenos Aires	Atacama	122
Ciudad Autónoma de Buenos Aires	Querandí	114
Ciudad Autónoma de Buenos Aires	Chicha	106
Ciudad Autónoma de Buenos Aires	Mbya Guaraní	104
Ciudad Autónoma de Buenos Aires	Chana	98
Ciudad Autónoma de Buenos Aires	Sanavirón	92
Ciudad Autónoma de Buenos Aires	Lule Vilela	82
Ciudad Autónoma de Buenos Aires	Diaguita Cacano	80
Ciudad Autónoma de Buenos Aires	Lule	75
Ciudad Autónoma de Buenos Aires	Selk´Nam/Ona	63
Ciudad Autónoma de Buenos Aires	Guaycurú	62
Ciudad Autónoma de Buenos Aires	Aoniken	44
Ciudad Autónoma de Buenos Aires	Guarayo	38
Ciudad Autónoma de Buenos Aires	Pilagá	38
Ciudad Autónoma de Buenos Aires	Chorote	32
Ciudad Autónoma de Buenos Aires	Avipón	31
Ciudad Autónoma de Buenos Aires	Ocloya	31
Ciudad Autónoma de Buenos Aires	Chané	23
Ciudad Autónoma de Buenos Aires	Tastil	20
Ciudad Autónoma de Buenos Aires	Vilela	14
Ciudad Autónoma de Buenos Aires	Kolla Atacameño	13
Ciudad Autónoma de Buenos Aires	Corundí	12
Ciudad Autónoma de Buenos Aires	Toara	12
Ciudad Autónoma de Buenos Aires	Chulupí/Nivaclé	11
Ciudad Autónoma de Buenos Aires	Yagán	9
Ciudad Autónoma de Buenos Aires	Weenhayek	7
Ciudad Autónoma de Buenos Aires	Fiscara	6
Ciudad Autónoma de Buenos Aires	Minuán	5
Ciudad Autónoma de Buenos Aires	Churumata	2
Ciudad Autónoma de Buenos Aires	Tapiete	2
Ciudad Autónoma de Buenos Aires	Tilián	2
Ciudad Autónoma de Buenos Aires	Iogys	1
Ciudad Autónoma de Buenos Aires	Isoceño	1
Ciudad Autónoma de Buenos Aires	Jujuí	1
Ciudad Autónoma de Buenos Aires	Michilingüe	1
Ciudad Autónoma de Buenos Aires	Sin información	30239
Buenos Aires	Guaraní	49845
Buenos Aires	Mapuche	29677
Buenos Aires	Quechua	25770
Buenos Aires	Qom/Toba	16503
Buenos Aires	Diaguita	15949
Buenos Aires	Aymara	8995
Buenos Aires	Kolla	6348
Buenos Aires	Comechingón	5111
Buenos Aires	Mapuche Tehuelche	4993
Buenos Aires	Tehuelche	4860
Buenos Aires	Wichi	4335
Buenos Aires	Ranquel	3648
Buenos Aires	Charrúa	3626
Buenos Aires	Huarpe	1902
Buenos Aires	Moqoit/Mocoví	1573
Buenos Aires	Günün A Küna	1404
Buenos Aires	Tonokoté	921
Buenos Aires	Querandí	710
Buenos Aires	Atacama	696
Buenos Aires	Mbya Guaraní	560
Buenos Aires	Chana	423
Buenos Aires	Guaycurú	412
Buenos Aires	Omaguaca	407
Buenos Aires	Sanavirón	373
Buenos Aires	Diaguita Cacano	340
Buenos Aires	Chicha	309
Buenos Aires	Lule	301
Buenos Aires	Lule Vilela	297
Buenos Aires	Selk´Nam/Ona	285
Buenos Aires	Aoniken	225
Buenos Aires	Avipón	201
Buenos Aires	Chorote	182
Buenos Aires	Chané	145
Buenos Aires	Pilagá	128
Buenos Aires	Vilela	117
Buenos Aires	Corundí	85
Buenos Aires	Guarayo	70
Buenos Aires	Kolla Atacameño	63
Buenos Aires	Ocloya	49
Buenos Aires	Toara	45
Buenos Aires	Chulupí/Nivaclé	41
Buenos Aires	Tastil	36
Buenos Aires	Weenhayek	28
Buenos Aires	Fiscara	25
Buenos Aires	Yagán	23
Buenos Aires	Tapiete	14
Buenos Aires	Tilián	11
Buenos Aires	Iogys	9
Buenos Aires	Jujuí	9
Buenos Aires	Mak'A	8
Buenos Aires	Isoceño	5
Buenos Aires	Minuán	5
Buenos Aires	Wayteca/Chono	3
Buenos Aires	Alakaluf	2
Buenos Aires	Churumata	2
Buenos Aires	Sin información	179726
Catamarca	Diaguita	11919
Catamarca	Diaguita Cacano	351
Catamarca	Kolla	290
Catamarca	Kolla Atacameño	230
Catamarca	Quechua	153
Catamarca	Mapuche	108
Catamarca	Guaraní	103
Catamarca	Qom/Toba	79
Catamarca	Atacama	62
Catamarca	Comechingón	50
Catamarca	Omaguaca	42
Catamarca	Wichi	35
Catamarca	Mapuche Tehuelche	27
Catamarca	Tehuelche	24
Catamarca	Huarpe	23
Catamarca	Tastil	20
Catamarca	Aymara	19
Catamarca	Ranquel	13
Catamarca	Charrúa	11
Catamarca	Sanavirón	10
Catamarca	Mbya Guaraní	6
Catamarca	Tonokoté	6
Catamarca	Chané	4
Catamarca	Günün A Küna	4
Catamarca	Chana	3
Catamarca	Chorote	3
Catamarca	Lule Vilela	3
Catamarca	Moqoit/Mocoví	3
Catamarca	Pilagá	3
Catamarca	Selk´Nam/Ona	3
Catamarca	Aoniken	2
Catamarca	Guaycurú	2
Catamarca	Lule	2
Catamarca	Ocloya	2
Catamarca	Querandí	2
Catamarca	Avipón	1
Catamarca	Chicha	1
Catamarca	Corundí	1
Catamarca	Jujuí	1
Catamarca	Tilián	1
Catamarca	Vilela	1
Catamarca	Sin información	6045
Chaco	Qom/Toba	32677
Chaco	Wichi	6372
Chaco	Moqoit/Mocoví	4223
Chaco	Guaraní	852
Chaco	Diaguita	173
Chaco	Mapuche	133
Chaco	Quechua	116
Chaco	Kolla	47
Chaco	Aymara	38
Chaco	Charrúa	38
Chaco	Vilela	32
Chaco	Atacama	30
Chaco	Guaycurú	30
Chaco	Lule Vilela	24
Chaco	Tehuelche	21
Chaco	Mapuche Tehuelche	20
Chaco	Comechingón	19
Chaco	Avipón	18
Chaco	Ranquel	18
Chaco	Chorote	16
Chaco	Pilagá	13
Chaco	Mbya Guaraní	7
Chaco	Günün A Küna	6
Chaco	Sanavirón	6
Chaco	Chané	5
Chaco	Huarpe	5
Chaco	Aoniken	4
Chaco	Chana	4
Chaco	Tonokoté	4
Chaco	Chicha	3
Chaco	Corundí	3
Chaco	Lule	3
Chaco	Ocloya	3
Chaco	Omaguaca	3
Chaco	Diaguita Cacano	2
Chaco	Fiscara	2
Chaco	Selk´Nam/Ona	2
Chaco	Weenhayek	2
Chaco	Chulupí/Nivaclé	1
Chaco	Guarayo	1
Chaco	Iogys	1
Chaco	Yagán	1
Chaco	Sin información	8820
Chubut	Mapuche	23559
Chubut	Mapuche Tehuelche	7566
Chubut	Tehuelche	4858
Chubut	Quechua	1045
Chubut	Guaraní	727
Chubut	Diaguita	679
Chubut	Kolla	374
Chubut	Günün A Küna	244
Chubut	Qom/Toba	210
Chubut	Aoniken	161
Chubut	Ranquel	148
Chubut	Comechingón	139
Chubut	Aymara	134
Chubut	Huarpe	129
Chubut	Wichi	107
Chubut	Charrúa	61
Chubut	Omaguaca	32
Chubut	Moqoit/Mocoví	30
Chubut	Atacama	29
Chubut	Mbya Guaraní	29
Chubut	Selk´Nam/Ona	24
Chubut	Diaguita Cacano	16
Chubut	Tonokoté	13
Chubut	Lule	10
Chubut	Guarayo	9
Chubut	Sanavirón	9
Chubut	Avipón	8
Chubut	Querandí	8
Chubut	Chana	6
Chubut	Chané	6
Chubut	Chicha	6
Chubut	Kolla Atacameño	6
Chubut	Yagán	6
Chubut	Chorote	5
Chubut	Guaycurú	5
Chubut	Pilagá	4
Chubut	Ocloya	3
Chubut	Wayteca/Chono	3
Chubut	Chulupí/Nivaclé	2
Chubut	Corundí	1
Chubut	Fiscara	1
Chubut	Haush/Maneken	1
Chubut	Lule Vilela	1
Chubut	Minuán	1
Chubut	Tapiete	1
Chubut	Tastil	1
Chubut	Tilián	1
Chubut	Toara	1
Chubut	Sin información	6251
Córdoba	Comechingón	16982
Córdoba	Diaguita	3251
Córdoba	Guaraní	2991
Córdoba	Mapuche	2751
Córdoba	Quechua	2541
Córdoba	Ranquel	1927
Córdoba	Sanavirón	1632
Córdoba	Qom/Toba	1442
Córdoba	Kolla	1362
Córdoba	Aymara	772
Córdoba	Wichi	748
Córdoba	Huarpe	676
Córdoba	Tehuelche	495
Córdoba	Mapuche Tehuelche	483
Córdoba	Charrúa	325
Córdoba	Moqoit/Mocoví	313
Córdoba	Omaguaca	176
Córdoba	Atacama	148
Córdoba	Günün A Küna	135
Córdoba	Diaguita Cacano	95
Córdoba	Tonokoté	95
Córdoba	Chana	79
Córdoba	Chicha	79
Córdoba	Avipón	68
Córdoba	Selk´Nam/Ona	63
Córdoba	Chorote	59
Córdoba	Mbya Guaraní	53
Córdoba	Lule	49
Córdoba	Aoniken	41
Córdoba	Chané	39
Córdoba	Corundí	28
Córdoba	Querandí	26
Córdoba	Guaycurú	22
Córdoba	Ocloya	22
Córdoba	Pilagá	18
Córdoba	Chulupí/Nivaclé	17
Córdoba	Lule Vilela	13
Córdoba	Kolla Atacameño	9
Córdoba	Tilián	9
Córdoba	Toara	9
Córdoba	Guarayo	7
Córdoba	Vilela	7
Córdoba	Tastil	5
Córdoba	Yagán	5
Córdoba	Fiscara	3
Córdoba	Wayteca/Chono	2
Córdoba	Weenhayek	2
Córdoba	Iogys	1
Córdoba	Isoceño	1
Córdoba	Jujuí	1
Córdoba	Michilingüe	1
Córdoba	Tapiete	1
Córdoba	Sin información	29139
Corrientes	Guaraní	8259
Corrientes	Qom/Toba	557
Corrientes	Charrúa	158
Corrientes	Mapuche	135
Corrientes	Wichi	107
Corrientes	Guaycurú	99
Corrientes	Quechua	97
Corrientes	Kolla	58
Corrientes	Aymara	57
Corrientes	Diaguita	55
Corrientes	Moqoit/Mocoví	52
Corrientes	Mbya Guaraní	44
Corrientes	Atacama	37
Corrientes	Tehuelche	32
Corrientes	Mapuche Tehuelche	29
Corrientes	Comechingón	21
Corrientes	Chana	19
Corrientes	Avipón	13
Corrientes	Chicha	12
Corrientes	Ranquel	12
Corrientes	Chorote	10
Corrientes	Pilagá	10
Corrientes	Huarpe	9
Corrientes	Guarayo	7
Corrientes	Aoniken	6
Corrientes	Chané	6
Corrientes	Ocloya	5
Corrientes	Chulupí/Nivaclé	3
Corrientes	Fiscara	3
Corrientes	Günün A Küna	3
Corrientes	Toara	3
Corrientes	Diaguita Cacano	2
Corrientes	Vilela	2
Corrientes	Corundí	1
Corrientes	Isoceño	1
Corrientes	Lule	1
Corrientes	Omaguaca	1
Corrientes	Sanavirón	1
Corrientes	Selk´Nam/Ona	1
Corrientes	Tilián	1
Corrientes	Tonokoté	1
Corrientes	Sin información	5878
Entre Ríos	Charrúa	3031
Entre Ríos	Guaraní	2632
Entre Ríos	Chana	528
Entre Ríos	Mapuche	505
Entre Ríos	Qom/Toba	494
Entre Ríos	Moqoit/Mocoví	241
Entre Ríos	Diaguita	213
Entre Ríos	Quechua	195
Entre Ríos	Aymara	161
Entre Ríos	Comechingón	150
Entre Ríos	Wichi	137
Entre Ríos	Tehuelche	103
Entre Ríos	Kolla	97
Entre Ríos	Mapuche Tehuelche	66
Entre Ríos	Huarpe	58
Entre Ríos	Ranquel	46
Entre Ríos	Guaycurú	44
Entre Ríos	Minuán	43
Entre Ríos	Atacama	27
Entre Ríos	Günün A Küna	24
Entre Ríos	Mbya Guaraní	24
Entre Ríos	Avipón	21
Entre Ríos	Querandí	19
Entre Ríos	Chané	17
Entre Ríos	Chicha	16
Entre Ríos	Selk´Nam/Ona	13
Entre Ríos	Chorote	12
Entre Ríos	Omaguaca	11
Entre Ríos	Aoniken	10
Entre Ríos	Lule	10
Entre Ríos	Pilagá	7
Entre Ríos	Corundí	6
Entre Ríos	Diaguita Cacano	4
Entre Ríos	Lule Vilela	4
Entre Ríos	Guarayo	3
Entre Ríos	Sanavirón	3
Entre Ríos	Tonokoté	3
Entre Ríos	Weenhayek	2
Entre Ríos	Yagán	2
Entre Ríos	Fiscara	1
Entre Ríos	Tilián	1
Entre Ríos	Toara	1
Entre Ríos	Vilela	1
Entre Ríos	Sin información	9707
Formosa	Wichi	22321
Formosa	Qom/Toba	14870
Formosa	Pilagá	5833
Formosa	Guaraní	594
Formosa	Chulupí/Nivaclé	450
Formosa	Quechua	41
Formosa	Mapuche	35
Formosa	Kolla	33
Formosa	Diaguita	28
Formosa	Chana	26
Formosa	Charrúa	15
Formosa	Chicha	14
Formosa	Tehuelche	14
Formosa	Comechingón	9
Formosa	Mbya Guaraní	9
Formosa	Aymara	8
Formosa	Guaycurú	8
Formosa	Mapuche Tehuelche	8
Formosa	Ranquel	8
Formosa	Chorote	6
Formosa	Moqoit/Mocoví	6
Formosa	Avipón	5
Formosa	Atacama	3
Formosa	Selk´Nam/Ona	3
Formosa	Toara	3
Formosa	Weenhayek	3
Formosa	Guarayo	2
Formosa	Mak'A	2
Formosa	Omaguaca	2
Formosa	Yagán	2
Formosa	Chané	1
Formosa	Huarpe	1
Formosa	Sanavirón	1
Formosa	Tapiete	1
Formosa	Sin información	3094
Jujuy	Kolla	32276
Jujuy	Omaguaca	9173
Jujuy	Guaraní	7522
Jujuy	Atacama	3960
Jujuy	Quechua	3492
Jujuy	Diaguita	1628
Jujuy	Ocloya	1621
Jujuy	Aymara	729
Jujuy	Wichi	584
Jujuy	Tilián	391
Jujuy	Chicha	283
Jujuy	Toara	212
Jujuy	Fiscara	207
Jujuy	Mapuche	195
Jujuy	Qom/Toba	188
Jujuy	Mbya Guaraní	88
Jujuy	Kolla Atacameño	73
Jujuy	Comechingón	50
Jujuy	Churumata	42
Jujuy	Guaycurú	33
Jujuy	Chané	29
Jujuy	Jujuí	29
Jujuy	Chorote	28
Jujuy	Tehuelche	25
Jujuy	Lule	22
Jujuy	Moqoit/Mocoví	21
Jujuy	Charrúa	15
Jujuy	Sanavirón	14
Jujuy	Ranquel	13
Jujuy	Pilagá	12
Jujuy	Huarpe	11
Jujuy	Mapuche Tehuelche	11
Jujuy	Chulupí/Nivaclé	10
Jujuy	Diaguita Cacano	10
Jujuy	Tastil	9
Jujuy	Lule Vilela	7
Jujuy	Aoniken	5
Jujuy	Chana	4
Jujuy	Günün A Küna	4
Jujuy	Tonokoté	4
Jujuy	Avipón	3
Jujuy	Guarayo	3
Jujuy	Iogys	3
Jujuy	Querandí	1
Jujuy	Selk´Nam/Ona	1
Jujuy	Vilela	1
Jujuy	Weenhayek	1
Jujuy	Sin información	18495
La Pampa	Ranquel	5326
La Pampa	Mapuche	2474
La Pampa	Mapuche Tehuelche	416
La Pampa	Guaraní	342
La Pampa	Tehuelche	253
La Pampa	Diaguita	119
La Pampa	Quechua	119
La Pampa	Comechingón	92
La Pampa	Huarpe	84
La Pampa	Qom/Toba	76
La Pampa	Wichi	59
La Pampa	Aymara	56
La Pampa	Kolla	56
La Pampa	Charrúa	52
La Pampa	Günün A Küna	40
La Pampa	Atacama	21
La Pampa	Aoniken	17
La Pampa	Mbya Guaraní	12
La Pampa	Moqoit/Mocoví	9
La Pampa	Avipón	7
La Pampa	Chicha	7
La Pampa	Guaycurú	4
La Pampa	Chorote	3
La Pampa	Lule	3
La Pampa	Sanavirón	3
La Pampa	Ocloya	2
La Pampa	Omaguaca	2
La Pampa	Querandí	2
La Pampa	Chana	1
La Pampa	Chané	1
La Pampa	Chulupí/Nivaclé	1
La Pampa	Corundí	1
La Pampa	Diaguita Cacano	1
La Pampa	Lule Vilela	1
La Pampa	Vilela	1
La Pampa	Yagán	1
La Pampa	Sin información	5995
La Rioja	Diaguita	4285
La Rioja	Quechua	244
La Rioja	Diaguita Cacano	229
La Rioja	Guaraní	165
La Rioja	Mapuche	158
La Rioja	Kolla	137
La Rioja	Comechingón	115
La Rioja	Huarpe	94
La Rioja	Aymara	53
La Rioja	Qom/Toba	40
La Rioja	Atacama	33
La Rioja	Tehuelche	30
La Rioja	Wichi	30
La Rioja	Charrúa	16
La Rioja	Omaguaca	12
La Rioja	Ranquel	12
La Rioja	Mapuche Tehuelche	11
La Rioja	Tastil	8
La Rioja	Chicha	6
La Rioja	Chana	4
La Rioja	Corundí	4
La Rioja	Lule Vilela	4
La Rioja	Sanavirón	4
La Rioja	Günün A Küna	3
La Rioja	Moqoit/Mocoví	3
La Rioja	Avipón	2
La Rioja	Guaycurú	2
La Rioja	Lule	2
La Rioja	Selk´Nam/Ona	2
La Rioja	Vilela	2
La Rioja	Aoniken	1
La Rioja	Chané	1
La Rioja	Chorote	1
La Rioja	Kolla Atacameño	1
La Rioja	Ocloya	1
La Rioja	Tilián	1
La Rioja	Tonokoté	1
La Rioja	Sin información	4928
Mendoza	Huarpe	13467
Mendoza	Mapuche	4481
Mendoza	Quechua	3148
Mendoza	Kolla	1088
Mendoza	Diaguita	723
Mendoza	Guaraní	646
Mendoza	Comechingón	439
Mendoza	Mapuche Tehuelche	356
Mendoza	Aymara	341
Mendoza	Ranquel	316
Mendoza	Tehuelche	292
Mendoza	Qom/Toba	230
Mendoza	Wichi	182
Mendoza	Atacama	72
Mendoza	Charrúa	66
Mendoza	Omaguaca	45
Mendoza	Moqoit/Mocoví	40
Mendoza	Chicha	38
Mendoza	Günün A Küna	30
Mendoza	Selk´Nam/Ona	20
Mendoza	Diaguita Cacano	17
Mendoza	Aoniken	16
Mendoza	Chorote	16
Mendoza	Sanavirón	16
Mendoza	Chana	15
Mendoza	Chané	14
Mendoza	Guaycurú	12
Mendoza	Avipón	10
Mendoza	Querandí	9
Mendoza	Guarayo	7
Mendoza	Lule	7
Mendoza	Kolla Atacameño	6
Mendoza	Lule Vilela	6
Mendoza	Tonokoté	5
Mendoza	Weenhayek	5
Mendoza	Chulupí/Nivaclé	3
Mendoza	Corundí	3
Mendoza	Mbya Guaraní	3
Mendoza	Ocloya	3
Mendoza	Michilingüe	2
Mendoza	Minuán	2
Mendoza	Pilagá	2
Mendoza	Toara	2
Mendoza	Yagán	2
Mendoza	Ansilta	1
Mendoza	Churumata	1
Mendoza	Fiscara	1
Mendoza	Iogys	1
Mendoza	Tastil	1
Mendoza	Vilela	1
Mendoza	Sin información	19180
Misiones	Mbya Guaraní	9957
Misiones	Guaraní	8372
Misiones	Mapuche	200
Misiones	Qom/Toba	147
Misiones	Diaguita	118
Misiones	Quechua	78
Misiones	Charrúa	61
Misiones	Kolla	59
Misiones	Comechingón	51
Misiones	Wichi	41
Misiones	Tehuelche	38
Misiones	Moqoit/Mocoví	33
Misiones	Atacama	28
Misiones	Aymara	24
Misiones	Chana	23
Misiones	Mapuche Tehuelche	20
Misiones	Huarpe	17
Misiones	Ranquel	17
Misiones	Guaycurú	14
Misiones	Chicha	9
Misiones	Avipón	8
Misiones	Selk´Nam/Ona	7
Misiones	Aoniken	6
Misiones	Chorote	6
Misiones	Chané	5
Misiones	Tastil	5
Misiones	Chulupí/Nivaclé	4
Misiones	Günün A Küna	4
Misiones	Sanavirón	4
Misiones	Tonokoté	4
Misiones	Diaguita Cacano	3
Misiones	Guarayo	3
Misiones	Lule	3
Misiones	Lule Vilela	3
Misiones	Kolla Atacameño	2
Misiones	Omaguaca	2
Misiones	Pilagá	2
Misiones	Corundí	1
Misiones	Fiscara	1
Misiones	Mak'A	1
Misiones	Querandí	1
Misiones	Sin información	6624
Neuquén	Mapuche	39976
Neuquén	Mapuche Tehuelche	2657
Neuquén	Tehuelche	923
Neuquén	Guaraní	741
Neuquén	Quechua	698
Neuquén	Diaguita	429
Neuquén	Kolla	316
Neuquén	Huarpe	200
Neuquén	Qom/Toba	189
Neuquén	Aymara	172
Neuquén	Comechingón	153
Neuquén	Wichi	135
Neuquén	Ranquel	130
Neuquén	Aoniken	61
Neuquén	Charrúa	53
Neuquén	Günün A Küna	41
Neuquén	Moqoit/Mocoví	22
Neuquén	Atacama	19
Neuquén	Omaguaca	17
Neuquén	Chana	13
Neuquén	Mbya Guaraní	13
Neuquén	Chané	12
Neuquén	Chorote	12
Neuquén	Ocloya	12
Neuquén	Sanavirón	11
Neuquén	Selk´Nam/Ona	10
Neuquén	Vilela	9
Neuquén	Chicha	8
Neuquén	Lule	8
Neuquén	Pilagá	7
Neuquén	Avipón	5
Neuquén	Kolla Atacameño	5
Neuquén	Querandí	4
Neuquén	Lule Vilela	3
Neuquén	Tonokoté	3
Neuquén	Chulupí/Nivaclé	2
Neuquén	Corundí	2
Neuquén	Guaycurú	2
Neuquén	Iogys	2
Neuquén	Yagán	2
Neuquén	Minuán	1
Neuquén	Tapiete	1
Neuquén	Sin información	7357
Río Negro	Mapuche	30173
Río Negro	Mapuche Tehuelche	4333
Río Negro	Tehuelche	2083
Río Negro	Guaraní	787
Río Negro	Quechua	632
Río Negro	Diaguita	352
Río Negro	Kolla	270
Río Negro	Ranquel	238
Río Negro	Qom/Toba	199
Río Negro	Aymara	166
Río Negro	Huarpe	165
Río Negro	Comechingón	149
Río Negro	Wichi	102
Río Negro	Aoniken	75
Río Negro	Charrúa	67
Río Negro	Günün A Küna	60
Río Negro	Selk´Nam/Ona	24
Río Negro	Moqoit/Mocoví	21
Río Negro	Atacama	17
Río Negro	Tonokoté	17
Río Negro	Omaguaca	16
Río Negro	Chicha	14
Río Negro	Mbya Guaraní	13
Río Negro	Chana	8
Río Negro	Querandí	8
Río Negro	Sanavirón	8
Río Negro	Lule Vilela	7
Río Negro	Ocloya	6
Río Negro	Yagán	5
Río Negro	Avipón	3
Río Negro	Chulupí/Nivaclé	3
Río Negro	Corundí	3
Río Negro	Guaycurú	3
Río Negro	Lule	3
Río Negro	Pilagá	3
Río Negro	Chané	2
Río Negro	Chorote	2
Río Negro	Diaguita Cacano	2
Río Negro	Kolla Atacameño	2
Río Negro	Tilián	2
Río Negro	Alakaluf	1
Río Negro	Guarayo	1
Río Negro	Tapiete	1
Río Negro	Vilela	1
Río Negro	Sin información	8147
Salta	Guaraní	35460
Salta	Wichi	31723
Salta	Kolla	21703
Salta	Diaguita	16635
Salta	Chané	2937
Salta	Chorote	2783
Salta	Qom/Toba	1941
Salta	Lule	1819
Salta	Tastil	1275
Salta	Atacama	1251
Salta	Quechua	1090
Salta	Tapiete	628
Salta	Mapuche	378
Salta	Aymara	332
Salta	Chulupí/Nivaclé	314
Salta	Omaguaca	254
Salta	Weenhayek	125
Salta	Kolla Atacameño	86
Salta	Comechingón	56
Salta	Tehuelche	51
Salta	Pilagá	46
Salta	Diaguita Cacano	35
Salta	Chicha	34
Salta	Ocloya	34
Salta	Iogys	29
Salta	Charrúa	24
Salta	Huarpe	23
Salta	Lule Vilela	21
Salta	Mbya Guaraní	21
Salta	Ranquel	21
Salta	Mapuche Tehuelche	20
Salta	Moqoit/Mocoví	20
Salta	Selk´Nam/Ona	11
Salta	Günün A Küna	10
Salta	Aoniken	8
Salta	Chana	7
Salta	Tilián	7
Salta	Avipón	6
Salta	Sanavirón	6
Salta	Tonokoté	4
Salta	Guaycurú	3
Salta	Corundí	1
Salta	Fiscara	1
Salta	Querandí	1
Salta	Sin información	21636
San Juan	Huarpe	6463
San Juan	Diaguita	1398
San Juan	Mapuche	379
San Juan	Quechua	261
San Juan	Guaraní	117
San Juan	Kolla	59
San Juan	Comechingón	49
San Juan	Atacama	45
San Juan	Qom/Toba	40
San Juan	Aymara	36
San Juan	Diaguita Cacano	33
San Juan	Mapuche Tehuelche	32
San Juan	Tehuelche	26
San Juan	Wichi	23
San Juan	Omaguaca	12
San Juan	Charrúa	11
San Juan	Chicha	9
San Juan	Chana	8
San Juan	Günün A Küna	8
San Juan	Ranquel	8
San Juan	Chané	7
San Juan	Selk´Nam/Ona	6
San Juan	Avipón	5
San Juan	Mbya Guaraní	4
San Juan	Aoniken	3
San Juan	Chorote	3
San Juan	Lule	3
San Juan	Moqoit/Mocoví	3
San Juan	Pilagá	2
San Juan	Tastil	2
San Juan	Ansilta	1
San Juan	Corundí	1
San Juan	Kolla Atacameño	1
San Juan	Ocloya	1
San Juan	Querandí	1
San Juan	Toara	1
San Juan	Tonokoté	1
San Juan	Yagán	1
San Juan	Sin información	5394
San Luis	Huarpe	1322
San Luis	Comechingón	1274
San Luis	Ranquel	1012
San Luis	Mapuche	652
San Luis	Guaraní	369
San Luis	Quechua	274
San Luis	Diaguita	230
San Luis	Qom/Toba	150
San Luis	Aymara	105
San Luis	Kolla	86
San Luis	Mapuche Tehuelche	69
San Luis	Tehuelche	58
San Luis	Wichi	54
San Luis	Charrúa	51
San Luis	Günün A Küna	25
San Luis	Michilingüe	23
San Luis	Moqoit/Mocoví	22
San Luis	Sanavirón	17
San Luis	Atacama	13
San Luis	Omaguaca	12
San Luis	Tonokoté	10
San Luis	Querandí	8
San Luis	Chana	7
San Luis	Chicha	7
San Luis	Chorote	6
San Luis	Guaycurú	6
San Luis	Avipón	4
San Luis	Diaguita Cacano	4
San Luis	Mbya Guaraní	3
San Luis	Selk´Nam/Ona	3
San Luis	Chané	2
San Luis	Corundí	2
San Luis	Kolla Atacameño	2
San Luis	Lule Vilela	2
San Luis	Pilagá	2
San Luis	Toara	2
San Luis	Weenhayek	2
San Luis	Aoniken	1
San Luis	Chulupí/Nivaclé	1
San Luis	Guarayo	1
San Luis	Tastil	1
San Luis	Vilela	1
San Luis	Sin información	2445
Santa Cruz	Mapuche	3245
Santa Cruz	Tehuelche	1776
Santa Cruz	Mapuche Tehuelche	1016
Santa Cruz	Diaguita	708
Santa Cruz	Quechua	611
Santa Cruz	Guaraní	487
Santa Cruz	Kolla	484
Santa Cruz	Aoniken	187
Santa Cruz	Qom/Toba	151
Santa Cruz	Wichi	132
Santa Cruz	Aymara	77
Santa Cruz	Comechingón	73
Santa Cruz	Huarpe	62
Santa Cruz	Ranquel	52
Santa Cruz	Charrúa	41
Santa Cruz	Omaguaca	38
Santa Cruz	Selk´Nam/Ona	28
Santa Cruz	Moqoit/Mocoví	24
Santa Cruz	Günün A Küna	16
Santa Cruz	Diaguita Cacano	14
Santa Cruz	Lule	14
Santa Cruz	Atacama	12
Santa Cruz	Ocloya	9
Santa Cruz	Kolla Atacameño	6
Santa Cruz	Sanavirón	6
Santa Cruz	Lule Vilela	5
Santa Cruz	Alakaluf	4
Santa Cruz	Chané	4
Santa Cruz	Chicha	4
Santa Cruz	Chorote	4
Santa Cruz	Chulupí/Nivaclé	4
Santa Cruz	Querandí	4
Santa Cruz	Tastil	4
Santa Cruz	Yagán	4
Santa Cruz	Guaycurú	3
Santa Cruz	Mbya Guaraní	3
Santa Cruz	Pilagá	3
Santa Cruz	Tapiete	3
Santa Cruz	Toara	3
Santa Cruz	Tonokoté	3
Santa Cruz	Vilela	3
Santa Cruz	Wayteca/Chono	3
Santa Cruz	Mak'A	2
Santa Cruz	Avipón	1
Santa Cruz	Chana	1
Santa Cruz	Fiscara	1
Santa Cruz	Iogys	1
Santa Cruz	Sin información	3189
Santa Fe	Moqoit/Mocoví	11278
Santa Fe	Qom/Toba	7773
Santa Fe	Guaraní	3934
Santa Fe	Mapuche	1478
Santa Fe	Diaguita	1246
Santa Fe	Quechua	1243
Santa Fe	Comechingón	972
Santa Fe	Wichi	512
Santa Fe	Kolla	466
Santa Fe	Charrúa	384
Santa Fe	Avipón	347
Santa Fe	Chana	301
Santa Fe	Tehuelche	273
Santa Fe	Aymara	268
Santa Fe	Ranquel	263
Santa Fe	Mapuche Tehuelche	258
Santa Fe	Corundí	230
Santa Fe	Huarpe	134
Santa Fe	Sanavirón	113
Santa Fe	Guaycurú	98
Santa Fe	Tonokoté	88
Santa Fe	Atacama	78
Santa Fe	Mbya Guaraní	44
Santa Fe	Günün A Küna	43
Santa Fe	Querandí	42
Santa Fe	Vilela	37
Santa Fe	Chorote	34
Santa Fe	Pilagá	33
Santa Fe	Diaguita Cacano	31
Santa Fe	Chicha	29
Santa Fe	Aoniken	25
Santa Fe	Lule Vilela	23
Santa Fe	Chané	21
Santa Fe	Selk´Nam/Ona	21
Santa Fe	Tilián	17
Santa Fe	Omaguaca	13
Santa Fe	Minuán	12
Santa Fe	Lule	11
Santa Fe	Chulupí/Nivaclé	9
Santa Fe	Kolla Atacameño	6
Santa Fe	Ocloya	4
Santa Fe	Guarayo	3
Santa Fe	Toara	3
Santa Fe	Fiscara	2
Santa Fe	Tapiete	2
Santa Fe	Tastil	2
Santa Fe	Yagán	2
Santa Fe	Michilingüe	1
Santa Fe	Wayteca/Chono	1
Santa Fe	Weenhayek	1
Santa Fe	Sin información	24984
Santiago del Estero	Tonokoté	9065
Santiago del Estero	Diaguita Cacano	3429
Santiago del Estero	Lule Vilela	1763
Santiago del Estero	Quechua	1145
Santiago del Estero	Diaguita	901
Santiago del Estero	Sanavirón	736
Santiago del Estero	Vilela	628
Santiago del Estero	Qom/Toba	282
Santiago del Estero	Guaraní	180
Santiago del Estero	Guaycurú	135
Santiago del Estero	Wichi	133
Santiago del Estero	Mapuche	126
Santiago del Estero	Kolla	80
Santiago del Estero	Lule	66
Santiago del Estero	Comechingón	61
Santiago del Estero	Tehuelche	52
Santiago del Estero	Moqoit/Mocoví	45
Santiago del Estero	Avipón	39
Santiago del Estero	Atacama	37
Santiago del Estero	Aymara	33
Santiago del Estero	Mapuche Tehuelche	20
Santiago del Estero	Charrúa	18
Santiago del Estero	Ranquel	18
Santiago del Estero	Chicha	11
Santiago del Estero	Huarpe	10
Santiago del Estero	Aoniken	5
Santiago del Estero	Chané	4
Santiago del Estero	Mbya Guaraní	4
Santiago del Estero	Selk´Nam/Ona	4
Santiago del Estero	Chorote	3
Santiago del Estero	Günün A Küna	3
Santiago del Estero	Omaguaca	3
Santiago del Estero	Pilagá	3
Santiago del Estero	Chana	2
Santiago del Estero	Corundí	2
Santiago del Estero	Yagán	2
Santiago del Estero	Fiscara	1
Santiago del Estero	Iogys	1
Santiago del Estero	Isoceño	1
Santiago del Estero	Kolla Atacameño	1
Santiago del Estero	Ocloya	1
Santiago del Estero	Tastil	1
Santiago del Estero	Tilián	1
Santiago del Estero	Weenhayek	1
Santiago del Estero	Sin información	8966
Tierra del Fuego	Mapuche	1014
Tierra del Fuego	Diaguita	733
Tierra del Fuego	Selk´Nam/Ona	610
Tierra del Fuego	Kolla	357
Tierra del Fuego	Quechua	345
Tierra del Fuego	Guaraní	316
Tierra del Fuego	Mapuche Tehuelche	167
Tierra del Fuego	Qom/Toba	144
Tierra del Fuego	Tehuelche	142
Tierra del Fuego	Yagán	122
Tierra del Fuego	Comechingón	93
Tierra del Fuego	Huarpe	93
Tierra del Fuego	Wichi	86
Tierra del Fuego	Aymara	64
Tierra del Fuego	Omaguaca	55
Tierra del Fuego	Charrúa	34
Tierra del Fuego	Ranquel	34
Tierra del Fuego	Moqoit/Mocoví	26
Tierra del Fuego	Atacama	15
Tierra del Fuego	Aoniken	14
Tierra del Fuego	Tonokoté	12
Tierra del Fuego	Mbya Guaraní	7
Tierra del Fuego	Günün A Küna	6
Tierra del Fuego	Ocloya	6
Tierra del Fuego	Sanavirón	6
Tierra del Fuego	Haush/Maneken	5
Tierra del Fuego	Wayteca/Chono	4
Tierra del Fuego	Alakaluf	3
Tierra del Fuego	Chana	3
Tierra del Fuego	Diaguita Cacano	3
Tierra del Fuego	Guaycurú	3
Tierra del Fuego	Lule Vilela	3
Tierra del Fuego	Querandí	3
Tierra del Fuego	Vilela	3
Tierra del Fuego	Chané	2
Tierra del Fuego	Chorote	2
Tierra del Fuego	Kolla Atacameño	2
Tierra del Fuego	Lule	2
Tierra del Fuego	Toara	2
Tierra del Fuego	Avipón	1
Tierra del Fuego	Chicha	1
Tierra del Fuego	Chulupí/Nivaclé	1
Tierra del Fuego	Isoceño	1
Tierra del Fuego	Sin información	1397
Tucumán	Diaguita	20096
Tucumán	Kolla	503
Tucumán	Quechua	442
Tucumán	Lule	437
Tucumán	Guaraní	326
Tucumán	Mapuche	319
Tucumán	Wichi	294
Tucumán	Qom/Toba	222
Tucumán	Tonokoté	211
Tucumán	Aymara	158
Tucumán	Diaguita Cacano	71
Tucumán	Atacama	63
Tucumán	Omaguaca	60
Tucumán	Tehuelche	53
Tucumán	Comechingón	46
Tucumán	Mapuche Tehuelche	41
Tucumán	Moqoit/Mocoví	34
Tucumán	Lule Vilela	31
Tucumán	Charrúa	29
Tucumán	Huarpe	27
Tucumán	Chicha	18
Tucumán	Sanavirón	17
Tucumán	Avipón	10
Tucumán	Chorote	10
Tucumán	Ranquel	10
Tucumán	Chané	9
Tucumán	Kolla Atacameño	8
Tucumán	Chana	7
Tucumán	Mbya Guaraní	6
Tucumán	Guaycurú	4
Tucumán	Günün A Küna	4
Tucumán	Ocloya	3
Tucumán	Aoniken	2
Tucumán	Selk´Nam/Ona	2
Tucumán	Vilela	2
Tucumán	Chulupí/Nivaclé	1
Tucumán	Querandí	1
Tucumán	Tastil	1
Tucumán	Tilián	1
Tucumán	Sin información	14067
