nivel	provincia	departamento	poblacion_viviendas_particulares	poblacion_indigena
pais			45618787	1306730
provincia	Ciudad Autónoma de Buenos Aires		3095454	74724
departamento	Ciudad Autónoma de Buenos Aires	Comuna 1	221001	8163
departamento	Ciudad Autónoma de Buenos Aires	Comuna 10	171896	4066
departamento	Ciudad Autónoma de Buenos Aires	Comuna 11	201905	3472
departamento	Ciudad Autónoma de Buenos Aires	Comuna 12	235364	3444
departamento	Ciudad Autónoma de Buenos Aires	Comuna 13	262330	3393
departamento	Ciudad Autónoma de Buenos Aires	Comuna 14	247252	3697
departamento	Ciudad Autónoma de Buenos Aires	Comuna 15	195265	4417
departamento	Ciudad Autónoma de Buenos Aires	Comuna 2	160609	2355
departamento	Ciudad Autónoma de Buenos Aires	Comuna 3	193537	6161
departamento	Ciudad Autónoma de Buenos Aires	Comuna 4	227024	7109
departamento	Ciudad Autónoma de Buenos Aires	Comuna 5	192449	4623
departamento	Ciudad Autónoma de Buenos Aires	Comuna 6	201764	3367
departamento	Ciudad Autónoma de Buenos Aires	Comuna 7	213262	5608
departamento	Ciudad Autónoma de Buenos Aires	Comuna 8	203888	8718
departamento	Ciudad Autónoma de Buenos Aires	Comuna 9	167908	6131
provincia	Buenos Aires		17408906	371830
departamento	Buenos Aires	25 de Mayo	35411	572
departamento	Buenos Aires	9 de Julio	52366	610
departamento	Buenos Aires	Adolfo Alsina	17344	287
departamento	Buenos Aires	Adolfo Gonzales Chaves	12847	158
departamento	Buenos Aires	Alberti	12906	150
departamento	Buenos Aires	Almirante Brown	583209	13343
departamento	Buenos Aires	Arrecifes	32077	354
departamento	Buenos Aires	Avellaneda	366117	7082
departamento	Buenos Aires	Ayacucho	21757	261
departamento	Buenos Aires	Azul	75152	1272
departamento	Buenos Aires	Bahía Blanca	334505	8030
departamento	Buenos Aires	Balcarce	48516	622
departamento	Buenos Aires	Baradero	39223	572
departamento	Buenos Aires	Benito Juárez	21185	372
departamento	Buenos Aires	Berazategui	358328	7663
departamento	Buenos Aires	Berisso	100685	2442
departamento	Buenos Aires	Bolívar	37194	641
departamento	Buenos Aires	Bragado	46227	829
departamento	Buenos Aires	Brandsen	32350	522
departamento	Buenos Aires	Campana	107976	1567
departamento	Buenos Aires	Cañuelas	70542	1531
departamento	Buenos Aires	Capitán Sarmiento	15882	258
departamento	Buenos Aires	Carlos Casares	22905	304
departamento	Buenos Aires	Carlos Tejedor	14007	162
departamento	Buenos Aires	Carmen de Areco	17345	233
departamento	Buenos Aires	Castelli	9551	87
departamento	Buenos Aires	Chacabuco	52409	722
departamento	Buenos Aires	Chascomús	42191	674
departamento	Buenos Aires	Chivilcoy	70554	682
departamento	Buenos Aires	Colón	27406	425
departamento	Buenos Aires	Coronel de Marina Leonardo Rosales	65823	1212
departamento	Buenos Aires	Coronel Dorrego	15795	247
departamento	Buenos Aires	Coronel Pringles	24110	345
departamento	Buenos Aires	Coronel Suárez	41713	501
departamento	Buenos Aires	Daireaux	18328	189
departamento	Buenos Aires	Dolores	31405	336
departamento	Buenos Aires	Ensenada	63978	1464
departamento	Buenos Aires	Escobar	256071	5471
departamento	Buenos Aires	Esteban Echeverría	337880	8869
departamento	Buenos Aires	Exaltación de la Cruz	40036	1073
departamento	Buenos Aires	Ezeiza	198620	4631
departamento	Buenos Aires	Florencio Varela	488103	11370
departamento	Buenos Aires	Florentino Ameghino	10759	100
departamento	Buenos Aires	General Alvarado	45307	1032
departamento	Buenos Aires	General Alvear	10150	122
departamento	Buenos Aires	General Arenales	16231	181
departamento	Buenos Aires	General Belgrano	20674	317
departamento	Buenos Aires	General Guido	3157	39
departamento	Buenos Aires	General Juan Madariaga	22566	379
departamento	Buenos Aires	General La Madrid	11535	182
departamento	Buenos Aires	General Las Heras	17980	327
departamento	Buenos Aires	General Lavalle	4846	66
departamento	Buenos Aires	General Paz	14141	223
departamento	Buenos Aires	General Pinto	12842	108
departamento	Buenos Aires	General Pueyrredón	660569	14530
departamento	Buenos Aires	General Rodríguez	142315	3472
departamento	Buenos Aires	General San Martín	444503	8648
departamento	Buenos Aires	General Viamonte	22530	2361
departamento	Buenos Aires	General Villegas	35055	433
departamento	Buenos Aires	Guaminí	11662	214
departamento	Buenos Aires	Hipólito Yrigoyen	10581	81
departamento	Buenos Aires	Hurlingham	185361	4279
departamento	Buenos Aires	Ituzaingó	177983	3939
departamento	Buenos Aires	José C	326527	6127
departamento	Buenos Aires	Junín	100964	2337
departamento	Buenos Aires	La Costa	100400	2468
departamento	Buenos Aires	La Matanza	1837168	46771
departamento	Buenos Aires	La Plata	756074	22207
departamento	Buenos Aires	Lanús	460081	7407
departamento	Buenos Aires	Laprida	11496	149
departamento	Buenos Aires	Las Flores	27136	355
departamento	Buenos Aires	Leandro N	17153	211
departamento	Buenos Aires	Lezama	6170	63
departamento	Buenos Aires	Lincoln	45191	490
departamento	Buenos Aires	Lobería	18106	243
departamento	Buenos Aires	Lobos	41418	430
departamento	Buenos Aires	Lomas de Zamora	685644	17643
departamento	Buenos Aires	Luján	110111	1888
departamento	Buenos Aires	Magdalena	22653	379
departamento	Buenos Aires	Maipú	11253	128
departamento	Buenos Aires	Malvinas Argentinas	349401	6609
departamento	Buenos Aires	Mar Chiquita	32973	771
departamento	Buenos Aires	Marcos Paz	64761	1525
departamento	Buenos Aires	Mercedes	71002	1149
departamento	Buenos Aires	Merlo	581484	14107
departamento	Buenos Aires	Monte	24616	363
departamento	Buenos Aires	Monte Hermoso	8444	171
departamento	Buenos Aires	Moreno	575758	14935
departamento	Buenos Aires	Morón	329517	6197
departamento	Buenos Aires	Navarro	19888	187
departamento	Buenos Aires	Necochea	101483	1810
departamento	Buenos Aires	Olavarría	122011	2376
departamento	Buenos Aires	Patagones	37499	2539
departamento	Buenos Aires	Pehuajó	44594	633
departamento	Buenos Aires	Pellegrini	7112	67
departamento	Buenos Aires	Pergamino	114988	1546
departamento	Buenos Aires	Pila	4615	79
departamento	Buenos Aires	Pilar	393614	8564
departamento	Buenos Aires	Pinamar	39224	1411
departamento	Buenos Aires	Presidente Perón	101994	2586
departamento	Buenos Aires	Puan	16391	240
departamento	Buenos Aires	Punta Indio	12161	266
departamento	Buenos Aires	Quilmes	631774	12890
departamento	Buenos Aires	Ramallo	39648	481
departamento	Buenos Aires	Rauch	16491	264
departamento	Buenos Aires	Rivadavia	19735	321
departamento	Buenos Aires	Rojas	25619	349
departamento	Buenos Aires	Roque Pérez	13901	155
departamento	Buenos Aires	Saavedra	21407	335
departamento	Buenos Aires	Saladillo	35423	445
departamento	Buenos Aires	Salliqueló	9344	120
departamento	Buenos Aires	Salto	39257	488
departamento	Buenos Aires	San Andrés de Giles	26399	514
departamento	Buenos Aires	San Antonio de Areco	26695	355
departamento	Buenos Aires	San Cayetano	8918	98
departamento	Buenos Aires	San Fernando	171099	3250
departamento	Buenos Aires	San Isidro	295978	3927
departamento	Buenos Aires	San Miguel	327650	6673
departamento	Buenos Aires	San Nicolás	166657	2219
departamento	Buenos Aires	San Pedro	68353	877
departamento	Buenos Aires	San Vicente	97929	2146
departamento	Buenos Aires	Suipacha	11736	165
departamento	Buenos Aires	Tandil	144678	2684
departamento	Buenos Aires	Tapalqué	10695	182
departamento	Buenos Aires	Tigre	446291	8294
departamento	Buenos Aires	Tordillo	2528	22
departamento	Buenos Aires	Tornquist	14591	343
departamento	Buenos Aires	Trenque Lauquen	49128	1073
departamento	Buenos Aires	Tres Arroyos	61889	944
departamento	Buenos Aires	Tres de Febrero	362319	7419
departamento	Buenos Aires	Tres Lomas	9090	120
departamento	Buenos Aires	Vicente López	280541	4021
departamento	Buenos Aires	Villa Gesell	37325	1204
departamento	Buenos Aires	Villarino	32552	1115
departamento	Buenos Aires	Zárate	131415	1742
provincia	Catamarca		427625	19668
departamento	Catamarca	Ambato	5087	165
departamento	Catamarca	Ancasti	3282	48
departamento	Catamarca	Andalgalá	19545	1618
departamento	Catamarca	Antofagasta de la Sierra	1822	313
departamento	Catamarca	Belén	30353	3564
departamento	Catamarca	Capayán	19471	455
departamento	Catamarca	Capital	186466	4049
departamento	Catamarca	El Alto	4375	37
departamento	Catamarca	Fray Mamerto Esquiú	14624	334
departamento	Catamarca	La Paz	26341	274
departamento	Catamarca	Paclín	4696	87
departamento	Catamarca	Pomán	12219	942
departamento	Catamarca	Santa María	26822	5465
departamento	Catamarca	Santa Rosa	13317	153
departamento	Catamarca	Tinogasta	25254	1564
departamento	Catamarca	Valle Viejo	33951	600
provincia	Chaco		1124603	53798
departamento	Chaco	1° de Mayo	14265	317
departamento	Chaco	12 de Octubre	23179	273
departamento	Chaco	2 de Abril	8310	64
departamento	Chaco	25 de Mayo	32606	4625
departamento	Chaco	9 de Julio	30223	171
departamento	Chaco	Almirante Brown	37794	246
departamento	Chaco	Bermejo	28060	1814
departamento	Chaco	Chacabuco	34493	1032
departamento	Chaco	Comandante Fernández	101086	3731
departamento	Chaco	Fray Justo Santa María de Oro	10643	89
departamento	Chaco	General Belgrano	12807	84
departamento	Chaco	General Donovan	15061	341
departamento	Chaco	General Güemes	68429	15031
departamento	Chaco	Independencia	21948	130
departamento	Chaco	Libertad	13775	488
departamento	Chaco	Libertador General San Martín	65304	9588
departamento	Chaco	Maipú	26354	931
departamento	Chaco	Mayor Luis J	59798	2292
departamento	Chaco	O'Higgins	21544	1277
departamento	Chaco	Presidencia de la Plaza	13938	109
departamento	Chaco	Quitilipi	32430	1345
departamento	Chaco	San Fernando	413764	9062
departamento	Chaco	San Lorenzo	16045	430
departamento	Chaco	Sargento Cabral	18696	125
departamento	Chaco	Tapenagá	4051	203
provincia	Chubut		589454	46670
departamento	Chubut	Biedma	102806	6192
departamento	Chubut	Cushamen	28099	5991
departamento	Chubut	Escalante	214829	8515
departamento	Chubut	Florentino Ameghino	1782	156
departamento	Chubut	Futaleufú	49965	7578
departamento	Chubut	Gaiman	12505	1229
departamento	Chubut	Gastre	1181	405
departamento	Chubut	Languiñeo	2862	839
departamento	Chubut	Mártires	744	87
departamento	Chubut	Paso de Indios	1882	475
departamento	Chubut	Rawson	144420	11343
departamento	Chubut	Río Senguer	6347	1024
departamento	Chubut	Sarmiento	14477	1420
departamento	Chubut	Tehuelches	5947	1061
departamento	Chubut	Telsen	1608	355
provincia	Córdoba		3812064	69218
departamento	Córdoba	Calamuchita	75462	2034
departamento	Córdoba	Capital	1498060	27961
departamento	Córdoba	Colón	294511	6513
departamento	Córdoba	Cruz del Eje	64748	2354
departamento	Córdoba	General Roca	36064	672
departamento	Córdoba	General San Martín	152397	2084
departamento	Córdoba	Ischilín	36023	688
departamento	Córdoba	Juárez Celman	68317	830
departamento	Córdoba	Marcos Juárez	107286	884
departamento	Córdoba	Minas	4855	158
departamento	Córdoba	Pocho	5070	140
departamento	Córdoba	Presidente Roque Sáenz Peña	37551	459
departamento	Córdoba	Punilla	219494	6382
departamento	Córdoba	Río Cuarto	277979	4951
departamento	Córdoba	Río Primero	58181	553
departamento	Córdoba	Río Seco	15275	210
departamento	Córdoba	Río Segundo	113311	1193
departamento	Córdoba	San Alberto	42029	1334
departamento	Córdoba	San Javier	62700	1840
departamento	Córdoba	San Justo	228951	1906
departamento	Córdoba	Santa María	139012	2829
departamento	Córdoba	Sobremonte	4381	22
departamento	Córdoba	Tercero Arriba	120207	1636
departamento	Córdoba	Totoral	22473	338
departamento	Córdoba	Tulumba	14092	216
departamento	Córdoba	Unión	113635	1031
provincia	Corrientes		1209671	15808
departamento	Corrientes	Bella Vista	44369	453
departamento	Corrientes	Berón de Astrada	2808	105
departamento	Corrientes	Capital	437446	5875
departamento	Corrientes	Concepción	26270	441
departamento	Corrientes	Curuzú Cuatiá	51489	535
departamento	Corrientes	Empedrado	17948	266
departamento	Corrientes	Esquina	39168	363
departamento	Corrientes	General Alvear	9051	87
departamento	Corrientes	General Paz	17016	229
departamento	Corrientes	Goya	106223	1013
departamento	Corrientes	Itatí	11946	198
departamento	Corrientes	Ituzaingó	38767	855
departamento	Corrientes	Lavalle	40406	407
departamento	Corrientes	Mburucuyá	11541	129
departamento	Corrientes	Mercedes	49807	551
departamento	Corrientes	Monte Caseros	45602	547
departamento	Corrientes	Paso de los Libres	56778	709
departamento	Corrientes	Saladas	29126	283
departamento	Corrientes	San Cosme	19679	345
departamento	Corrientes	San Luis del Palmar	21381	302
departamento	Corrientes	San Martín	15164	256
departamento	Corrientes	San Miguel	12700	714
departamento	Corrientes	San Roque	22682	200
departamento	Corrientes	Santo Tomé	71922	856
departamento	Corrientes	Sauce	10382	89
provincia	Entre Ríos		1415097	18693
departamento	Entre Ríos	Colón	74890	1062
departamento	Entre Ríos	Concordia	197603	2577
departamento	Entre Ríos	Diamante	52312	693
departamento	Entre Ríos	Federación	78264	966
departamento	Entre Ríos	Federal	29436	347
departamento	Entre Ríos	Feliciano	16717	166
departamento	Entre Ríos	Gualeguay	56796	635
departamento	Entre Ríos	Gualeguaychú	125176	1418
departamento	Entre Ríos	Islas del Ibicuy	13984	218
departamento	Entre Ríos	La Paz	75271	944
departamento	Entre Ríos	Nogoyá	42954	420
departamento	Entre Ríos	Paraná	388716	5608
departamento	Entre Ríos	San Salvador	20786	204
departamento	Entre Ríos	Tala	31091	677
departamento	Entre Ríos	Uruguay	115516	1413
departamento	Entre Ríos	Victoria	40301	433
departamento	Entre Ríos	Villaguay	55284	912
provincia	Formosa		605507	47459
departamento	Formosa	Bermejo	15600	4841
departamento	Formosa	Formosa	268572	5295
departamento	Formosa	Laishi	19275	1631
departamento	Formosa	Matacos	17017	5280
departamento	Formosa	Patiño	81600	11167
departamento	Formosa	Pilagás	19089	1181
departamento	Formosa	Pilcomayo	94116	3773
departamento	Formosa	Pirané	72560	1758
departamento	Formosa	Ramón Lista	17678	12533
provincia	Jujuy		809364	81538
departamento	Jujuy	Cochinoca	14998	8098
departamento	Jujuy	Dr	319469	21417
departamento	Jujuy	El Carmen	122259	3876
departamento	Jujuy	Humahuaca	20877	8774
departamento	Jujuy	Ledesma	94132	6845
departamento	Jujuy	Palpalá	65522	4464
departamento	Jujuy	Rinconada	1797	1240
departamento	Jujuy	San Antonio	6729	309
departamento	Jujuy	San Pedro	88237	3779
departamento	Jujuy	Santa Bárbara	20497	2111
departamento	Jujuy	Santa Catalina	2641	1615
departamento	Jujuy	Susques	3966	3223
departamento	Jujuy	Tilcara	14621	4510
departamento	Jujuy	Tumbaya	5298	2700
departamento	Jujuy	Valle Grande	2490	1185
departamento	Jujuy	Yavi	25831	7392
provincia	La Pampa		359193	15659
departamento	La Pampa	Atreucó	11053	253
departamento	La Pampa	Caleu Caleu	2611	77
departamento	La Pampa	Capital	118504	5727
departamento	La Pampa	Catriló	8225	160
departamento	La Pampa	Chalileo	2868	966
departamento	La Pampa	Chapaleufú	12277	281
departamento	La Pampa	Chical Co	1461	290
departamento	La Pampa	Conhelo	15094	358
departamento	La Pampa	Curacó	1103	85
departamento	La Pampa	Guatraché	9397	186
departamento	La Pampa	Hucal	7713	162
departamento	La Pampa	Lihuel Calel	428	14
departamento	La Pampa	Limay Mahuida	413	49
departamento	La Pampa	Loventué	9243	881
departamento	La Pampa	Maracó	69067	2036
departamento	La Pampa	Puelén	11636	714
departamento	La Pampa	Quemú Quemú	8404	178
departamento	La Pampa	Rancul	11090	387
departamento	La Pampa	Realicó	17356	575
departamento	La Pampa	Toay	17927	896
departamento	La Pampa	Trenel	5637	131
departamento	La Pampa	Utracán	17686	1253
provincia	La Rioja		382453	10645
departamento	La Rioja	Arauco	16251	378
departamento	La Rioja	Capital	210507	5081
departamento	La Rioja	Castro Barros	5810	377
departamento	La Rioja	Chamical	15630	332
departamento	La Rioja	Chilecito	58681	2053
departamento	La Rioja	Famatina	6984	468
departamento	La Rioja	General Ángel V	3184	59
departamento	La Rioja	General Belgrano	7615	157
departamento	La Rioja	General Felipe Varela	11371	521
departamento	La Rioja	General Juan Facundo Quiroga	4013	38
departamento	La Rioja	General Lamadrid	1885	85
departamento	La Rioja	General Ortiz de Ocampo	7347	103
departamento	La Rioja	General San Martín	5017	46
departamento	La Rioja	Independencia	2399	70
departamento	La Rioja	Rosario Vera Peñaloza	15764	158
departamento	La Rioja	San Blas de los Sauces	4306	301
departamento	La Rioja	Sanagasta	2994	317
departamento	La Rioja	Vinchina	2695	101
provincia	Mendoza		2030773	45389
departamento	Mendoza	Capital	123715	2551
departamento	Mendoza	General Alvear	52379	1008
departamento	Mendoza	Godoy Cruz	194557	3215
departamento	Mendoza	Guaymallén	320871	7371
departamento	Mendoza	Junín	46472	790
departamento	Mendoza	La Paz	12018	242
departamento	Mendoza	Las Heras	233839	5379
departamento	Mendoza	Lavalle	47086	4895
departamento	Mendoza	Luján de Cuyo	171883	3828
departamento	Mendoza	Maipú	218887	4230
departamento	Mendoza	Malargüe	32596	1003
departamento	Mendoza	Rivadavia	63589	962
departamento	Mendoza	San Carlos	39752	1098
departamento	Mendoza	San Martín	139406	2411
departamento	Mendoza	San Rafael	213204	3630
departamento	Mendoza	Santa Rosa	19379	401
departamento	Mendoza	Tunuyán	59972	1112
departamento	Mendoza	Tupungato	41168	1263
provincia	Misiones		1273347	26006
departamento	Misiones	25 de Mayo	30877	591
departamento	Misiones	Apóstoles	50503	457
departamento	Misiones	Cainguás	59875	867
departamento	Misiones	Candelaria	34945	797
departamento	Misiones	Capital	391498	5812
departamento	Misiones	Concepción	10303	227
departamento	Misiones	Eldorado	91133	1673
departamento	Misiones	General Manuel Belgrano	45456	743
departamento	Misiones	Guaraní	77075	1971
departamento	Misiones	Iguazú	99838	3617
departamento	Misiones	Leandro N	49391	388
departamento	Misiones	Libertador General San Martín	52166	3751
departamento	Misiones	Montecarlo	38620	748
departamento	Misiones	Oberá	120703	1058
departamento	Misiones	San Ignacio	63194	1797
departamento	Misiones	San Javier	23080	146
departamento	Misiones	San Pedro	34690	1363
provincia	Neuquén		708578	54436
departamento	Neuquén	Aluminé	10173	3342
departamento	Neuquén	Añelo	18150	1207
departamento	Neuquén	Catán Lil	2641	914
departamento	Neuquén	Chos Malal	18289	897
departamento	Neuquén	Collón Curá	4832	1086
departamento	Neuquén	Confluencia	467217	25889
departamento	Neuquén	Huiliches	20853	4721
departamento	Neuquén	Lácar	39567	3903
departamento	Neuquén	Loncopué	7696	1942
departamento	Neuquén	Los Lagos	15502	1324
departamento	Neuquén	Minas	9267	668
departamento	Neuquén	Ñorquín	5572	1354
departamento	Neuquén	Pehuenches	29721	1300
departamento	Neuquén	Picún Leufú	5087	436
departamento	Neuquén	Picunches	8471	1028
departamento	Neuquén	Zapala	45540	4425
provincia	Río Negro		747697	48194
departamento	Río Negro	25 de Mayo	16555	3064
departamento	Río Negro	9 de Julio	3682	882
departamento	Río Negro	Adolfo Alsina	63845	4393
departamento	Río Negro	Avellaneda	41160	1970
departamento	Río Negro	Bariloche	161443	12270
departamento	Río Negro	Conesa	7398	435
departamento	Río Negro	El Cuy	6960	760
departamento	Río Negro	General Roca	379627	18104
departamento	Río Negro	Ñorquincó	1452	926
departamento	Río Negro	Pichi Mahuida	16493	758
departamento	Río Negro	Pilcaniyeu	9309	1389
departamento	Río Negro	San Antonio	35473	2535
departamento	Río Negro	Valcheta	4300	708
provincia	Salta		1434225	142870
departamento	Salta	Anta	69442	2087
departamento	Salta	Cachi	8928	1577
departamento	Salta	Cafayate	17822	3013
departamento	Salta	Capital	624003	23335
departamento	Salta	Cerrillos	55713	1852
departamento	Salta	Chicoana	24715	995
departamento	Salta	General Güemes	55746	982
departamento	Salta	General José de San Martín	177448	42352
departamento	Salta	Guachipas	3491	265
departamento	Salta	Iruya	6116	4384
departamento	Salta	La Caldera	12246	926
departamento	Salta	La Candelaria	7182	161
departamento	Salta	La Poma	1789	940
departamento	Salta	La Viña	8888	273
departamento	Salta	Los Andes	7182	3581
departamento	Salta	Metán	48028	1194
departamento	Salta	Molinos	5808	3127
departamento	Salta	Orán	159715	22494
departamento	Salta	Rivadavia	38062	16879
departamento	Salta	Rosario de la Frontera	33750	245
departamento	Salta	Rosario de Lerma	50961	3522
departamento	Salta	San Carlos	7779	2289
departamento	Salta	Santa Victoria	9411	6397
provincia	San Juan		819445	14457
departamento	San Juan	25 de Mayo	20824	1128
departamento	San Juan	9 de Julio	12498	161
departamento	San Juan	Albardón	31281	348
departamento	San Juan	Angaco	10172	114
departamento	San Juan	Calingasta	10667	142
departamento	San Juan	Capital	114849	1650
departamento	San Juan	Caucete	44017	1194
departamento	San Juan	Chimbas	103772	1294
departamento	San Juan	Iglesia	8826	149
departamento	San Juan	Jáchal	25269	733
departamento	San Juan	Pocito	72879	937
departamento	San Juan	Rawson	136582	1575
departamento	San Juan	Rivadavia	101334	1378
departamento	San Juan	San Martín	15037	135
departamento	San Juan	Santa Lucía	62697	681
departamento	San Juan	Sarmiento	27188	1774
departamento	San Juan	Ullum	6454	64
departamento	San Juan	Valle Fértil	8425	884
departamento	San Juan	Zonda	6674	116
provincia	San Luis		540548	8340
departamento	San Luis	Ayacucho	23653	321
departamento	San Luis	Belgrano	5575	77
departamento	San Luis	Chacabuco	26522	498
departamento	San Luis	Coronel Pringles	16044	189
departamento	San Luis	General Pedernera	148671	1863
departamento	San Luis	Gobernador Dupuy	14334	186
departamento	San Luis	Juan Martín de Pueyrredón	260769	4005
departamento	San Luis	Junín	40289	1164
departamento	San Luis	Libertador General San Martín	4691	37
provincia	Santa Cruz		335677	12525
departamento	Santa Cruz	Corpen Aike	15035	500
departamento	Santa Cruz	Deseado	126266	5294
departamento	Santa Cruz	Güer Aike	137309	4270
departamento	Santa Cruz	Lago Argentino	25384	1044
departamento	Santa Cruz	Lago Buenos Aires	12584	595
departamento	Santa Cruz	Magallanes	12828	380
departamento	Santa Cruz	Río Chico	6271	442
provincia	Santa Fe		3519059	57193
departamento	Santa Fe	9 de Julio	30942	556
departamento	Santa Fe	Belgrano	48544	449
departamento	Santa Fe	Caseros	86261	895
departamento	Santa Fe	Castellanos	189464	1959
departamento	Santa Fe	Constitución	93000	1215
departamento	Santa Fe	Garay	24853	1943
departamento	Santa Fe	General López	200455	2947
departamento	Santa Fe	General Obligado	197533	3351
departamento	Santa Fe	Iriondo	73636	654
departamento	Santa Fe	La Capital	568259	9830
departamento	Santa Fe	Las Colonias	114730	1415
departamento	Santa Fe	Rosario	1337958	21628
departamento	Santa Fe	San Cristóbal	72593	658
departamento	Santa Fe	San Javier	33180	1590
departamento	Santa Fe	San Jerónimo	84617	983
departamento	Santa Fe	San Justo	46486	2237
departamento	Santa Fe	San Lorenzo	193786	2275
departamento	Santa Fe	San Martín	67299	695
departamento	Santa Fe	Vera	55463	1913
provincia	Santiago del Estero		1057752	28022
departamento	Santiago del Estero	Aguirre	8959	463
departamento	Santiago del Estero	Alberdi	20104	754
departamento	Santiago del Estero	Atamisqui	14894	2224
departamento	Santiago del Estero	Avellaneda	25462	1482
departamento	Santiago del Estero	Banda	170401	2027
departamento	Santiago del Estero	Belgrano	10809	115
departamento	Santiago del Estero	Capital	328824	4348
departamento	Santiago del Estero	Choya	43692	506
departamento	Santiago del Estero	Copo	35653	1904
departamento	Santiago del Estero	Figueroa	20246	4482
departamento	Santiago del Estero	General Taboada	46304	453
departamento	Santiago del Estero	Guasayán	9251	496
departamento	Santiago del Estero	Jiménez	18622	145
departamento	Santiago del Estero	Juan Felipe Ibarra	20567	487
departamento	Santiago del Estero	Loreto	24047	673
departamento	Santiago del Estero	Mitre	1440	128
departamento	Santiago del Estero	Moreno	40352	804
departamento	Santiago del Estero	Ojo de Agua	15008	163
departamento	Santiago del Estero	Pellegrini	26193	316
departamento	Santiago del Estero	Quebrachos	12336	218
departamento	Santiago del Estero	Río Hondo	66637	1134
departamento	Santiago del Estero	Rivadavia	5314	42
departamento	Santiago del Estero	Robles	53879	551
departamento	Santiago del Estero	Salavina	12775	2098
departamento	Santiago del Estero	San Martín	11183	1756
departamento	Santiago del Estero	Sarmiento	5034	102
departamento	Santiago del Estero	Silípica	9766	151
provincia	Tierra del Fuego		184958	5942
departamento	Tierra del Fuego	Río Grande	98922	3004
departamento	Tierra del Fuego	Tolhuin	6027	164
departamento	Tierra del Fuego	Ushuaia	80009	2774
provincia	Tucumán		1727337	37646
departamento	Tucumán	Burruyacú	45459	387
departamento	Tucumán	Capital	587289	9294
departamento	Tucumán	Chicligasta	92308	798
departamento	Tucumán	Cruz Alta	227688	2298
departamento	Tucumán	Famaillá	42669	658
departamento	Tucumán	Graneros	15539	58
departamento	Tucumán	Juan Bautista Alberdi	34745	286
departamento	Tucumán	La Cocha	21196	155
departamento	Tucumán	Leales	66352	424
departamento	Tucumán	Lules	93464	1795
departamento	Tucumán	Monteros	77469	1070
departamento	Tucumán	Río Chico	64927	776
departamento	Tucumán	Simoca	36946	292
departamento	Tucumán	Tafí del Valle	22382	12247
departamento	Tucumán	Tafí Viejo	172877	3182
departamento	Tucumán	Trancas	23438	2147
departamento	Tucumán	Yerba Buena	102589	1779
